,mean,mean,mean,mean,mean,mean,mean,mean,mean,mean,mean,mean,mean,mean,mean,mean,mean,mean,mean,mean,mean,mean,mean,mean,mean,mean,mean,mean,mean,mean,mean,mean,mean,std,std,std,std,std,std,std,std,std,std,std,std,std,std,std,std,std,std,std,std,std,std,std,std,std,std,std,std,amin,amin,amin,amin,amin,amin,amin,amin,amin,amin,amin,amin,amin,amin,amin,amin,amin,amin,amin,amin,amin,amin,amin,amin,amin,amin,amin,amin,amin,amin,amin,amin,amin,amax,amax,amax,amax,amax,amax,amax,amax,amax,amax,amax,amax,amax,amax,amax,amax,amax,amax,amax,amax,amax,amax,amax,amax,amax,amax,amax,amax,amax,amax,amax,amax,amax,median,median,median,median,median,median,median,median,median,median,median,median,median,median,median,median,median,median,median,median,median,median,median,median,median,median,median,median,median,median,median,median,median,size,size,size,size,size,size,size,size,size,size,size,size,size,size,size,size,size,size,size,size,size,size,size,size,size,size,size,size,size,size,size,size,size
Antenna_coverage,in,in,in,in,in,in,in,in,in,in,in,in,in,in,in,in,in,out,out,out,out,out,out,out,out,out,out,out,out,out,out,out,out,in,in,in,in,in,in,in,in,in,in,in,in,in,in,in,in,out,out,out,out,out,out,out,out,out,out,out,out,in,in,in,in,in,in,in,in,in,in,in,in,in,in,in,in,in,out,out,out,out,out,out,out,out,out,out,out,out,out,out,out,out,in,in,in,in,in,in,in,in,in,in,in,in,in,in,in,in,in,out,out,out,out,out,out,out,out,out,out,out,out,out,out,out,out,in,in,in,in,in,in,in,in,in,in,in,in,in,in,in,in,in,out,out,out,out,out,out,out,out,out,out,out,out,out,out,out,out,in,in,in,in,in,in,in,in,in,in,in,in,in,in,in,in,in,out,out,out,out,out,out,out,out,out,out,out,out,out,out,out,out
slot_id,0,1,2,3,4,5,6,7,8,9,10,11,12,13,14,15,16,0,2,3,4,5,6,7,8,9,10,11,12,13,14,15,16,0,1,2,4,5,6,7,8,9,10,11,12,13,14,15,16,0,2,4,7,8,9,10,11,13,14,15,16,0,1,2,3,4,5,6,7,8,9,10,11,12,13,14,15,16,0,2,3,4,5,6,7,8,9,10,11,12,13,14,15,16,0,1,2,3,4,5,6,7,8,9,10,11,12,13,14,15,16,0,2,3,4,5,6,7,8,9,10,11,12,13,14,15,16,0,1,2,3,4,5,6,7,8,9,10,11,12,13,14,15,16,0,2,3,4,5,6,7,8,9,10,11,12,13,14,15,16,0,1,2,3,4,5,6,7,8,9,10,11,12,13,14,15,16,0,2,3,4,5,6,7,8,9,10,11,12,13,14,15,16
EPC,,,,,,,,,,,,,,,,,,,,,,,,,,,,,,,,,,,,,,,,,,,,,,,,,,,,,,,,,,,,,,,,,,,,,,,,,,,,,,,,,,,,,,,,,,,,,,,,,,,,,,,,,,,,,,,,,,,,,,,,,,,,,,,,,,,,,,,,,,,,,,,,,,,,,,,,,,,,,,,,,,,,,,,,,,,,,,,,,,,,,,,,,,,,,,,,,
AD3830770CCDD0AD383001BF,,,,,,,,,,,,,,,,,,,,,,,,,,,,,-75.5,,,,,,,,,,,,,,,,,,,,,,,,,,,,,,,,,,,,,,,,,,,,,,,,,,,,,,,,,,,,,-75.5,,,,,,,,,,,,,,,,,,,,,,,,,,,,,,,,,-75.5,,,,,,,,,,,,,,,,,,,,,,,,,,,,,,,,,-75.5,,,,,,,,,,,,,,,,,,,,,,,,,,,,,,,,,1.0,,,,
AD3830770CCDD0AD383001C3,,,,,,,,-73.0,,-67.0,,,,,,,,,,,,,,,,,,,-75.0,,,-74.5,-74.5,,,,,,,,,,,,,,,,,,,,,,,,,,,,,,,,,,,,-73.0,,-67.0,,,,,,,,,,,,,,,,,,,-75.0,,,-74.5,-74.5,,,,,,,,-73.0,,-67.0,,,,,,,,,,,,,,,,,,,-75.0,,,-74.5,-74.5,,,,,,,,-73.0,,-67.0,,,,,,,,,,,,,,,,,,,-75.0,,,-74.5,-74.5,,,,,,,,1.0,,1.0,,,,,,,,,,,,,,,,,,,1.0,,,1.0,1.0
AD3830770CCDD0AD383001C4,,-77.5,,,,,,,-77.0,,-77.5,,,,,,,,,,,,,,,,,,,,,,,,0.0,,,,,,,,,,,,,,,,,,,,,,,,,,,,-77.5,,,,,,,-77.0,,-77.5,,,,,,,,,,,,,,,,,,,,,,,,-77.5,,,,,,,-77.0,,-77.5,,,,,,,,,,,,,,,,,,,,,,,,-77.5,,,,,,,-77.0,,-77.5,,,,,,,,,,,,,,,,,,,,,,,,2.0,,,,,,,1.0,,1.0,,,,,,,,,,,,,,,,,,,,,,
AD3830770CCDD0AD383001C6,,-75.5,-76.5,-76.0,-76.5,,-76.25,,,-75.0,,-76.0,,,,-73.5,,,,,,,,,,,,,,,,,,,0.7071067811865476,,,,0.3535533905932738,,,,,,,,,,,,,,,,,,,,,,,,-76.0,-76.5,-76.0,-76.5,,-76.5,,,-75.0,,-76.0,,,,-73.5,,,,,,,,,,,,,,,,,,,-74.5,-76.5,-76.0,-76.5,,-76.0,,,-75.0,,-76.0,,,,-73.5,,,,,,,,,,,,,,,,,,,-75.75,-76.5,-76.0,-76.5,,-76.25,,,-75.0,,-76.0,,,,-73.5,,,,,,,,,,,,,,,,,,,4.0,1.0,1.0,1.0,,2.0,,,1.0,,1.0,,,,1.0,,,,,,,,,,,,,,,,,
AD3830770CCDD0AD383001C8,,,,,,,,,-67.5,-61.5,,,,,,,,,,,,,,,,,,,,,,,,,,,,,,,,,,,,,,,,,,,,,,,,,,,,,,,,,,,,-67.5,-61.5,,,,,,,,,,,,,,,,,,,,,,,,,,,,,,,,-67.5,-61.5,,,,,,,,,,,,,,,,,,,,,,,,,,,,,,,,-67.5,-61.5,,,,,,,,,,,,,,,,,,,,,,,,,,,,,,,,1.0,1.0,,,,,,,,,,,,,,,,,,,,,,,
AD3830770CCDD0AD383001C9,,,,,,,,-72.0,-66.5,,,,,,,,,,,,,,,,,,-59.5,,,,,,,,,,,,,,,,,,,,,,,,,,,,,,,,,,,,,,,,,,-72.0,-66.5,,,,,,,,,,,,,,,,,,-59.5,,,,,,,,,,,,,,-72.0,-66.5,,,,,,,,,,,,,,,,,,-59.5,,,,,,,,,,,,,,-72.0,-66.5,,,,,,,,,,,,,,,,,,-59.5,,,,,,,,,,,,,,1.0,1.0,,,,,,,,,,,,,,,,,,1.0,,,,,,
AD3830770CCDD0AD383001CA,,,,,,,,,,,,,,,-75.5,,,,,,,,,,,,,,,,,,,,,,,,,,,,,,,,,,,,,,,,,,,,,,,,,,,,,,,,,,,,,-75.5,,,,,,,,,,,,,,,,,,,,,,,,,,,,,,,,,-75.5,,,,,,,,,,,,,,,,,,,,,,,,,,,,,,,,,-75.5,,,,,,,,,,,,,,,,,,,,,,,,,,,,,,,,,1.0,,,,,,,,,,,,,,,,,,
AD3830770CCDD0AD383001CB,,,,,,,,-71.0,-65.25,,,,,,,,,,,,,,,,,,,,,,,,,,,,,,,,8.838834764831844,,,,,,,,,,,,,,,,,,,,,,,,,,,,-71.0,-71.5,,,,,,,,,,,,,,,,,,,,,,,,,,,,,,,,-71.0,-59.0,,,,,,,,,,,,,,,,,,,,,,,,,,,,,,,,-71.0,-65.25,,,,,,,,,,,,,,,,,,,,,,,,,,,,,,,,1.0,2.0,,,,,,,,,,,,,,,,,,,,,,,,
AD3830770CCDD0AD383001CE,,,,,,,,,-66.25,,,,,,,,,,,,,,,,,,-73.5,-76.5,-75.5,-75.5,-73.0,,-74.125,,,,,,,,0.3535533905932738,,,,,,,,,,,,,,,2.1213203435596424,,,,,1.9311050377094112,,,,,,,,,-66.5,,,,,,,,,,,,,,,,,,-75.0,-76.5,-75.5,-75.5,-73.0,,-77.0,,,,,,,,,-66.0,,,,,,,,,,,,,,,,,,-72.0,-76.5,-75.5,-75.5,-73.0,,-73.0,,,,,,,,,-66.25,,,,,,,,,,,,,,,,,,-73.5,-76.5,-75.5,-75.5,-73.0,,-73.25,,,,,,,,,2.0,,,,,,,,,,,,,,,,,,2.0,1.0,1.0,1.0,1.0,,4.0
AD3830770CCDD0AD383001D5,-73.5,-72.5,,,-77.0,,-75.0,,,-75.0,-76.0,,-76.5,,-76.0,,-77.0,,,,,,,,,,,,,,,,,,,,,,,,,,0.0,,,,,,,,,,,,,,,,,,,-73.5,-72.5,,,-77.0,,-75.0,,,-75.0,-76.0,,-76.5,,-76.0,,-77.0,,,,,,,,,,,,,,,,,-73.5,-72.5,,,-77.0,,-75.0,,,-75.0,-76.0,,-76.5,,-76.0,,-77.0,,,,,,,,,,,,,,,,,-73.5,-72.5,,,-77.0,,-75.0,,,-75.0,-76.0,,-76.5,,-76.0,,-77.0,,,,,,,,,,,,,,,,,1.0,1.0,,,1.0,,1.0,,,1.0,2.0,,1.0,,1.0,,1.0,,,,,,,,,,,,,,,,
AD3830770CCDD0AD383001D6,-75.5,,-77.0,,,,-77.0,,-72.0,-72.0,-73.5,,-73.5,,-73.5,,,,,,,,,,,,,,,,,,,,,,,,,,,,,,,,,,,,,,,,,,,,,,,-75.5,,-77.0,,,,-77.0,,-72.0,-72.0,-73.5,,-73.5,,-73.5,,,,,,,,,,,,,,,,,,,-75.5,,-77.0,,,,-77.0,,-72.0,-72.0,-73.5,,-73.5,,-73.5,,,,,,,,,,,,,,,,,,,-75.5,,-77.0,,,,-77.0,,-72.0,-72.0,-73.5,,-73.5,,-73.5,,,,,,,,,,,,,,,,,,,1.0,,1.0,,,,1.0,,1.0,1.0,1.0,,1.0,,1.0,,,,,,,,,,,,,,,,,,
AD3830770CCDD0AD383001D7,-73.5,,-74.0,,-73.0,,-74.5,,-73.0,,-72.5,,,-72.5,,-73.0,,,,,,,,,,,,,,,,,,1.4142135623730951,,,,,,,0.0,,,,,,,,,,,,,,,,,,,,,-74.5,,-74.0,,-73.0,,-74.5,,-73.0,,-72.5,,,-72.5,,-73.0,,,,,,,,,,,,,,,,,,-72.5,,-74.0,,-73.0,,-74.5,,-73.0,,-72.5,,,-72.5,,-73.0,,,,,,,,,,,,,,,,,,-73.5,,-74.0,,-73.0,,-74.5,,-73.0,,-72.5,,,-72.5,,-73.0,,,,,,,,,,,,,,,,,,2.0,,1.0,,1.0,,1.0,,2.0,,1.0,,,1.0,,1.0,,,,,,,,,,,,,,,,,
AD3830770CCDD0AD383001DD,,,-73.5,-73.0,-72.5,-72.5,,-73.5,,-72.75,-72.0,-73.5,-72.5,,-73.0,,-74.16666666666667,-77.0,,,,,,,,,,,,,,,,,,,,,,,,1.0606601717798212,,,,,,,0.5773502691896278,,,,,,,,,,,,,,,-73.5,-73.0,-72.5,-72.5,,-73.5,,-73.5,-72.0,-73.5,-72.5,,-73.0,,-74.5,-77.0,,,,,,,,,,,,,,,,,,-73.5,-73.0,-72.5,-72.5,,-73.5,,-72.0,-72.0,-73.5,-72.5,,-73.0,,-73.5,-77.0,,,,,,,,,,,,,,,,,,-73.5,-73.0,-72.5,-72.5,,-73.5,,-72.75,-72.0,-73.5,-72.5,,-73.0,,-74.5,-77.0,,,,,,,,,,,,,,,,,,1.0,1.0,1.0,1.0,,1.0,,2.0,1.0,1.0,1.0,,1.0,,3.0,1.0,,,,,,,,,,,,,,,
AD3830770CCDD0AD383001DE,,,,,,,,-70.0,,-69.0,,,,,,,,,,,,,,,,,-69.75,,,,,,,,,,,,,,,,,,,,,,,,,,,,,2.4748737341529163,,,,,,,,,,,,,-70.0,,-69.0,,,,,,,,,,,,,,,,,-71.5,,,,,,,,,,,,,,-70.0,,-69.0,,,,,,,,,,,,,,,,,-68.0,,,,,,,,,,,,,,-70.0,,-69.0,,,,,,,,,,,,,,,,,-69.75,,,,,,,,,,,,,,1.0,,1.0,,,,,,,,,,,,,,,,,2.0,,,,,,
AD3830770CCDD0AD383001E0,,,,,,,,-67.5,,,,,,,,,,,,,,,,,,-63.0,,,,,,,,,,,,,,,,,,,,,,,,,,,,,,,,,,,,,,,,,,,-67.5,,,,,,,,,,,,,,,,,,-63.0,,,,,,,,,,,,,,,-67.5,,,,,,,,,,,,,,,,,,-63.0,,,,,,,,,,,,,,,-67.5,,,,,,,,,,,,,,,,,,-63.0,,,,,,,,,,,,,,,1.0,,,,,,,,,,,,,,,,,,1.0,,,,,,,
AD3830770CCDD0AD383001E3,,,,,,,,,-70.5,,,,,,,,,,,,,,,,,,-64.5,,,,,,,,,,,,,,,,,,,,,,,,,,,,,,,,,,,,,,,,,,,-70.5,,,,,,,,,,,,,,,,,,-64.5,,,,,,,,,,,,,,,-70.5,,,,,,,,,,,,,,,,,,-64.5,,,,,,,,,,,,,,,-70.5,,,,,,,,,,,,,,,,,,-64.5,,,,,,,,,,,,,,,1.0,,,,,,,,,,,,,,,,,,1.0,,,,,,
AD3830770CCDD0AD383001E7,-74.75,,-73.75,-76.5,,-77.0,-76.5,,-71.0,-71.5,-76.5,,-72.0,-74.33333333333333,-75.0,,-71.0,,,,,,,,,,,,,,,,,2.4748737341529163,,3.181980515339464,,0.7071067811865476,0.0,,,,,,,2.929732638541158,2.29128784747792,,,,,,,,,,,,,,,-76.5,,-76.0,-76.5,,-77.5,-76.5,,-71.0,-71.5,-76.5,,-72.0,-76.5,-77.0,,-71.0,,,,,,,,,,,,,,,,,-73.0,,-71.5,-76.5,,-76.5,-76.5,,-71.0,-71.5,-76.5,,-72.0,-71.0,-72.5,,-71.0,,,,,,,,,,,,,,,,,-74.75,,-73.75,-76.5,,-77.0,-76.5,,-71.0,-71.5,-76.5,,-72.0,-75.5,-75.5,,-71.0,,,,,,,,,,,,,,,,,2.0,,2.0,1.0,,2.0,2.0,,1.0,1.0,1.0,,1.0,3.0,3.0,,1.0,,,,,,,,,,,,,,,,
AD3830770CCDD0AD383001EE,,,,,,,,,,,,,,,,,,,,,,,,-76.75,,,,-75.0,,,,-76.5,,,,,,,,,,,,,,,,,,,,,0.3535533905932738,,,,,,,,,,,,,,,,,,,,,,,,,,,,,,,,-77.0,,,,-75.0,,,,-76.5,,,,,,,,,,,,,,,,,,,,,,,,,-76.5,,,,-75.0,,,,-76.5,,,,,,,,,,,,,,,,,,,,,,,,,-76.75,,,,-75.0,,,,-76.5,,,,,,,,,,,,,,,,,,,,,,,,,2.0,,,,1.0,,,,1.0,
AD3830770CCDD0AD383001EF,,,,,,,,-73.0,,,,,,,-75.5,,-76.5,,,,,,,,,-62.5,-71.5,,,,,,,,,,,,,,,,,,,,,,,,,,,,,,,,,,,,,,,,,,-73.0,,,,,,,-75.5,,-76.5,,,,,,,,,-62.5,-71.5,,,,,,,,,,,,,,-73.0,,,,,,,-75.5,,-76.5,,,,,,,,,-62.5,-71.5,,,,,,,,,,,,,,-73.0,,,,,,,-75.5,,-76.5,,,,,,,,,-62.5,-71.5,,,,,,,,,,,,,,1.0,,,,,,,1.0,,1.0,,,,,,,,,1.0,1.0,,,,,,
AD3830770CCDD0AD383001F1,,,,,,,,,-64.5,,,,,,,,,,,,,,,,,-67.5,,,,,,,,,,,,,,,,,,,,,,,,,,,,,,,,,,,,,,,,,,,,-64.5,,,,,,,,,,,,,,,,,-67.5,,,,,,,,,,,,,,,,-64.5,,,,,,,,,,,,,,,,,-67.5,,,,,,,,,,,,,,,,-64.5,,,,,,,,,,,,,,,,,-67.5,,,,,,,,,,,,,,,,1.0,,,,,,,,,,,,,,,,,1.0,,,,,,,
AD3830770CCDD0AD383001F4,,,,,,,,,-71.5,,,,,,,,,,,,,,,,,-67.0,,,,,,,,,,,,,,,,,,,,,,,,,,,,,,,,,,,,,,,,,,,,-71.5,,,,,,,,,,,,,,,,,-67.0,,,,,,,,,,,,,,,,-71.5,,,,,,,,,,,,,,,,,-67.0,,,,,,,,,,,,,,,,-71.5,,,,,,,,,,,,,,,,,-67.0,,,,,,,,,,,,,,,,1.0,,,,,,,,,,,,,,,,,1.0,,,,,,,
AD3830770CCDD0AD383001F5,,,,,,,,,-69.5,,,,,,,,,,,,,,,,,,-63.5,,,,,,,,,,,,,,,,,,,,,,,,,,,,,,,,,,,,,,,,,,,-69.5,,,,,,,,,,,,,,,,,,-63.5,,,,,,,,,,,,,,,-69.5,,,,,,,,,,,,,,,,,,-63.5,,,,,,,,,,,,,,,-69.5,,,,,,,,,,,,,,,,,,-63.5,,,,,,,,,,,,,,,1.0,,,,,,,,,,,,,,,,,,1.0,,,,,,
AD3830770CCDD0AD383001FA,,,,,,,,,-63.5,,,,,,,,,,,,,,,,,,-72.0,,,,,,,,,,,,,,,,,,,,,,,,,,,,,2.8284271247461903,,,,,,,,,,,,,,-63.5,,,,,,,,,,,,,,,,,,-74.0,,,,,,,,,,,,,,,-63.5,,,,,,,,,,,,,,,,,,-70.0,,,,,,,,,,,,,,,-63.5,,,,,,,,,,,,,,,,,,-72.0,,,,,,,,,,,,,,,1.0,,,,,,,,,,,,,,,,,,2.0,,,,,,
AD3830770CCDD0AD383001FC,,,,,,,,,-69.5,,,,,,,,,,,,,,,,,-51.5,,,,,,,,,,,,,,,,,,,,,,,,,,,,,,,,,,,,,,,,,,,,-69.5,,,,,,,,,,,,,,,,,-51.5,,,,,,,,,,,,,,,,-69.5,,,,,,,,,,,,,,,,,-51.5,,,,,,,,,,,,,,,,-69.5,,,,,,,,,,,,,,,,,-51.5,,,,,,,,,,,,,,,,1.0,,,,,,,,,,,,,,,,,1.0,,,,,,,
AD3830770CCDD0AD38300202,,,,,,,,,-67.5,,,,,,,,,,,,,,,,,,-66.25,,,,,,,,,,,,,,,,,,,,,,,,,,,,,8.131727983645296,,,,,,,,,,,,,,-67.5,,,,,,,,,,,,,,,,,,-72.0,,,,,,,,,,,,,,,-67.5,,,,,,,,,,,,,,,,,,-60.5,,,,,,,,,,,,,,,-67.5,,,,,,,,,,,,,,,,,,-66.25,,,,,,,,,,,,,,,1.0,,,,,,,,,,,,,,,,,,2.0,,,,,,
AD3830770CCDD0AD38300205,,,,,,,,,-66.0,,,,,,,,,,,,,,,,,,-70.5,,,,,,,,,,,,,,,,,,,,,,,,,,,,,,,,,,,,,,,,,,,-66.0,,,,,,,,,,,,,,,,,,-70.5,,,,,,,,,,,,,,,-66.0,,,,,,,,,,,,,,,,,,-70.5,,,,,,,,,,,,,,,-66.0,,,,,,,,,,,,,,,,,,-70.5,,,,,,,,,,,,,,,1.0,,,,,,,,,,,,,,,,,,1.0,,,,,,
AD3830770CCDD0AD38300206,,,,,,,,,,,,,,,,,,,,,,,,,-73.5,,-65.0,,-76.0,,,,,,,,,,,,,,,,,,,,,,,,,,,,,,,,,,,,,,,,,,,,,,,,,,,,,,,,,-73.5,,-65.0,,-76.0,,,,,,,,,,,,,,,,,,,,,,,,,,,,,-73.5,,-65.0,,-76.0,,,,,,,,,,,,,,,,,,,,,,,,,,,,,-73.5,,-65.0,,-76.0,,,,,,,,,,,,,,,,,,,,,,,,,,,,,1.0,,1.0,,1.0,,,,
AD3830770CCDD0AD3830020B,,,,,,,,,-65.0,,,,,,,,,,,,,,,,,,,,,,,,,,,,,,,,,,,,,,,,,,,,,,,,,,,,,,,,,,,,,-65.0,,,,,,,,,,,,,,,,,,,,,,,,,,,,,,,,,-65.0,,,,,,,,,,,,,,,,,,,,,,,,,,,,,,,,,-65.0,,,,,,,,,,,,,,,,,,,,,,,,,,,,,,,,,1.0,,,,,,,,,,,,,,,,,,,,,,,,
AD3830770CCDD0AD3830020E,,,,,,,,,-66.0,,,,,,,,,,,,,,,,,,-63.5,,,,,,,,,,,,,,,,,,,,,,,,,,,,,,,,,,,,,,,,,,,-66.0,,,,,,,,,,,,,,,,,,-63.5,,,,,,,,,,,,,,,-66.0,,,,,,,,,,,,,,,,,,-63.5,,,,,,,,,,,,,,,-66.0,,,,,,,,,,,,,,,,,,-63.5,,,,,,,,,,,,,,,1.0,,,,,,,,,,,,,,,,,,1.0,,,,,,
AD3830770CCDD0AD38300214,,,,,,,,,-68.0,,,,,,,,,,,,,,,,,,-57.5,,-71.5,-74.0,-74.5,-72.25,,,,,,,,,,,,,,,,,,,,,,,,,,,,3.181980515339464,,,,,,,,,,-68.0,,,,,,,,,,,,,,,,,,-57.5,,-71.5,-74.0,-74.5,-74.5,,,,,,,,,,-68.0,,,,,,,,,,,,,,,,,,-57.5,,-71.5,-74.0,-74.5,-70.0,,,,,,,,,,-68.0,,,,,,,,,,,,,,,,,,-57.5,,-71.5,-74.0,-74.5,-72.25,,,,,,,,,,1.0,,,,,,,,,,,,,,,,,,1.0,,1.0,1.0,1.0,2.0,
AD3830770CCDD0AD3830021A,,,,,,,,-72.5,,,,,,,,,,,,,,,,,,-56.0,,,,,,,,,,,,,,,,,,,,,,,,,,,,,,,,,,,,,,,,,,,-72.5,,,,,,,,,,,,,,,,,,-56.0,,,,,,,,,,,,,,,-72.5,,,,,,,,,,,,,,,,,,-56.0,,,,,,,,,,,,,,,-72.5,,,,,,,,,,,,,,,,,,-56.0,,,,,,,,,,,,,,,1.0,,,,,,,,,,,,,,,,,,1.0,,,,,,,
AD3830770CCDD0AD3830021B,,,,,,,-72.5,-72.0,,,,,,,,,,,,,,,,,,-63.0,-70.5,,,,,,,,,,,,,,,,,,,,,,,,,,,,,,,,,,,,,,,,,-72.5,-72.0,,,,,,,,,,,,,,,,,,-63.0,-70.5,,,,,,,,,,,,,-72.5,-72.0,,,,,,,,,,,,,,,,,,-63.0,-70.5,,,,,,,,,,,,,-72.5,-72.0,,,,,,,,,,,,,,,,,,-63.0,-70.5,,,,,,,,,,,,,1.0,1.0,,,,,,,,,,,,,,,,,,1.0,1.0,,,,,,
AD3830770CCDD0AD3830021C,,,,,,,,,,,,,,,,,,-74.0,-74.0,,-74.0,,-74.0,,-73.0,-73.5,,-73.5,,-74.25,-74.0,,-75.0,,,,,,,,,,,,,,,,,0.0,,,,,,,,0.3535533905932738,0.7071067811865476,,,,,,,,,,,,,,,,,,,,-74.0,-74.0,,-74.0,,-74.0,,-73.0,-73.5,,-73.5,,-74.5,-74.5,,-75.0,,,,,,,,,,,,,,,,,,-74.0,-74.0,,-74.0,,-74.0,,-73.0,-73.5,,-73.5,,-74.0,-73.5,,-75.0,,,,,,,,,,,,,,,,,,-74.0,-74.0,,-74.0,,-74.0,,-73.0,-73.5,,-73.5,,-74.25,-74.0,,-75.0,,,,,,,,,,,,,,,,,,2.0,1.0,,1.0,,1.0,,1.0,1.0,,1.0,,2.0,2.0,,1.0
AD3830770CCDD0AD3830021D,,,,,,,-75.5,,-69.5,,-71.5,,,,,,,,,,,,,,,,-63.0,-74.0,,,,,,,,,,,,,1.4142135623730951,,,,,,,,,,,,,,,,,,,,,,,,,,,-75.5,,-70.5,,-71.5,,,,,,,,,,,,,,,,-63.0,-74.0,,,,,,,,,,,,-75.5,,-68.5,,-71.5,,,,,,,,,,,,,,,,-63.0,-74.0,,,,,,,,,,,,-75.5,,-69.5,,-71.5,,,,,,,,,,,,,,,,-63.0,-74.0,,,,,,,,,,,,1.0,,2.0,,1.0,,,,,,,,,,,,,,,,1.0,1.0,,,,,
AD3830770CCDD0AD38300220,,,,,,,,-69.5,,,,-76.5,,,,,,,,,,,,,,-54.0,,,,,,,,,,,,,,,,,,,,,,,,,,,,,,,,,,,,,,,,,,,-69.5,,,,-76.5,,,,,,,,,,,,,,-54.0,,,,,,,,,,,,,,,-69.5,,,,-76.5,,,,,,,,,,,,,,-54.0,,,,,,,,,,,,,,,-69.5,,,,-76.5,,,,,,,,,,,,,,-54.0,,,,,,,,,,,,,,,1.0,,,,1.0,,,,,,,,,,,,,,1.0,,,,,,,
AD3830770CCDD0AD38300221,,,,,,,,,-67.5,,,,,,,,,,,,,,,,,,,,,,,,,,,,,,,,,,,,,,,,,,,,,,,,,,,,,,,,,,,,,-67.5,,,,,,,,,,,,,,,,,,,,,,,,,,,,,,,,,-67.5,,,,,,,,,,,,,,,,,,,,,,,,,,,,,,,,,-67.5,,,,,,,,,,,,,,,,,,,,,,,,,,,,,,,,,1.0,,,,,,,,,,,,,,,,,,,,,,,,
AD3830770CCDD0AD38300246,,,,,,,,-70.0,,,,,,,,,,,,,,,,,,-63.0,,,,,,,,,,,,,,,,,,,,,,,,,,,,,,,,,,,,,,,,,,,-70.0,,,,,,,,,,,,,,,,,,-63.0,,,,,,,,,,,,,,,-70.0,,,,,,,,,,,,,,,,,,-63.0,,,,,,,,,,,,,,,-70.0,,,,,,,,,,,,,,,,,,-63.0,,,,,,,,,,,,,,,1.0,,,,,,,,,,,,,,,,,,1.0,,,,,,,
AD3830770CCDD0AD3830024F,,,,,,,,,-65.5,,,,,,,,,,,,,,,,,,-72.5,,,,,,,,,,,,,,,,,,,,,,,,,,,,,,,,,,,,,,,,,,,-65.5,,,,,,,,,,,,,,,,,,-72.5,,,,,,,,,,,,,,,-65.5,,,,,,,,,,,,,,,,,,-72.5,,,,,,,,,,,,,,,-65.5,,,,,,,,,,,,,,,,,,-72.5,,,,,,,,,,,,,,,1.0,,,,,,,,,,,,,,,,,,1.0,,,,,,
AD3830770CCDD0AD38300254,,,,,,,,-72.0,,,,,,,,,,,,,,,,,,-57.0,,,,,,,,,,,,,,,,,,,,,,,,,,,,,,,,,,,,,,,,,,,-72.0,,,,,,,,,,,,,,,,,,-57.0,,,,,,,,,,,,,,,-72.0,,,,,,,,,,,,,,,,,,-57.0,,,,,,,,,,,,,,,-72.0,,,,,,,,,,,,,,,,,,-57.0,,,,,,,,,,,,,,,1.0,,,,,,,,,,,,,,,,,,1.0,,,,,,,
AD3830770CCDD0AD3830025D,,,,,,,,,-71.5,-66.0,,,,,,,,,,,,,,,,,,-71.5,-73.5,-74.5,,-72.5,,,,,,,,,,,,,,,,,,,,,,,,,,0.7071067811865476,,,,,,,,,,,,-71.5,-66.0,,,,,,,,,,,,,,,,,,-71.5,-73.5,-75.0,,-72.5,,,,,,,,,,-71.5,-66.0,,,,,,,,,,,,,,,,,,-71.5,-73.5,-74.0,,-72.5,,,,,,,,,,-71.5,-66.0,,,,,,,,,,,,,,,,,,-71.5,-73.5,-74.5,,-72.5,,,,,,,,,,1.0,1.0,,,,,,,,,,,,,,,,,,1.0,1.0,2.0,,1.0,
AD3830770CCDD0AD38300262,,,,,,,,,-62.5,,,,,,,,,,,,,,,,,,,,,,,,,,,,,,,,,,,,,,,,,,,,,,,,,,,,,,,,,,,,,-62.5,,,,,,,,,,,,,,,,,,,,,,,,,,,,,,,,,-62.5,,,,,,,,,,,,,,,,,,,,,,,,,,,,,,,,,-62.5,,,,,,,,,,,,,,,,,,,,,,,,,,,,,,,,,1.0,,,,,,,,,,,,,,,,,,,,,,,,
AD3830770CCDD0AD3830026D,,-77.0,,,,,-76.5,,-75.5,,-77.0,,-76.5,-76.5,,-76.5,,,,,,,,,,,,,,,,,,,,,,,,,,,,,,,,,,,,,,,,,,,,,,,-77.0,,,,,-76.5,,-75.5,,-77.0,,-76.5,-76.5,,-76.5,,,,,,,,,,,,,,,,,,,-77.0,,,,,-76.5,,-75.5,,-77.0,,-76.5,-76.5,,-76.5,,,,,,,,,,,,,,,,,,,-77.0,,,,,-76.5,,-75.5,,-77.0,,-76.5,-76.5,,-76.5,,,,,,,,,,,,,,,,,,,1.0,,,,,1.0,,1.0,,1.0,,1.0,1.0,,1.0,,,,,,,,,,,,,,,,,
AD3830770CCDD0AD38300275,,,,,,,,,-69.0,,,,,,,,,,,,,,,,,,-60.0,,,,,,,,,,,,,,,,,,,,,,,,,,,,,,,,,,,,,,,,,,,-69.0,,,,,,,,,,,,,,,,,,-60.0,,,,,,,,,,,,,,,-69.0,,,,,,,,,,,,,,,,,,-60.0,,,,,,,,,,,,,,,-69.0,,,,,,,,,,,,,,,,,,-60.0,,,,,,,,,,,,,,,1.0,,,,,,,,,,,,,,,,,,1.0,,,,,,
AD3830770CCDD0AD3830027B,-68.5,,-68.0,-67.5,,-67.0,,-71.5,-68.0,,-67.5,,-67.5,,-68.0,,-67.5,,,,,,,,,,,,,,,,,,,,,,,,,,,,,,,,,,,,,,,,,,,,,-68.5,,-68.0,-67.5,,-67.0,,-71.5,-68.0,,-67.5,,-67.5,,-68.0,,-67.5,,,,,,,,,,,,,,,,,-68.5,,-68.0,-67.5,,-67.0,,-71.5,-68.0,,-67.5,,-67.5,,-68.0,,-67.5,,,,,,,,,,,,,,,,,-68.5,,-68.0,-67.5,,-67.0,,-71.5,-68.0,,-67.5,,-67.5,,-68.0,,-67.5,,,,,,,,,,,,,,,,,1.0,,1.0,1.0,,1.0,,1.0,1.0,,1.0,,1.0,,1.0,,1.0,,,,,,,,,,,,,,,,
AD3830770CCDD0AD3830027D,,-73.5,,-73.5,-73.75,,,-72.25,,,,,,,,,,,,,,,,,,-62.0,-65.0,,-74.5,-74.5,-74.5,,-74.0,,,,0.3535533905932738,,,4.596194077712559,,,,,,,,,,,,,,,,,,,,,0.0,,-73.5,,-73.5,-74.0,,,-75.5,,,,,,,,,,,,,,,,,,-62.0,-65.0,,-74.5,-74.5,-74.5,,-74.0,,-73.5,,-73.5,-73.5,,,-69.0,,,,,,,,,,,,,,,,,,-62.0,-65.0,,-74.5,-74.5,-74.5,,-74.0,,-73.5,,-73.5,-73.75,,,-72.25,,,,,,,,,,,,,,,,,,-62.0,-65.0,,-74.5,-74.5,-74.5,,-74.0,,1.0,,1.0,2.0,,,2.0,,,,,,,,,,,,,,,,,,1.0,1.0,,1.0,1.0,1.0,,2.0
AD3830770CCDD0AD3830027F,-70.5,,-70.0,-70.0,,-70.0,-71.0,,-70.75,-71.5,,-70.75,,-71.0,-72.5,,-72.0,,,,,,,,,,,,,,,,,,,,,,,,0.3535533905932738,,,0.3535533905932738,,,,,,,,,,,,,,,,,,-70.5,,-70.0,-70.0,,-70.0,-71.0,,-71.0,-71.5,,-71.0,,-71.0,-72.5,,-72.0,,,,,,,,,,,,,,,,,-70.5,,-70.0,-70.0,,-70.0,-71.0,,-70.5,-71.5,,-70.5,,-71.0,-72.5,,-72.0,,,,,,,,,,,,,,,,,-70.5,,-70.0,-70.0,,-70.0,-71.0,,-70.75,-71.5,,-70.75,,-71.0,-72.5,,-72.0,,,,,,,,,,,,,,,,,1.0,,1.0,1.0,,1.0,1.0,,2.0,1.0,,2.0,,1.0,1.0,,1.0,,,,,,,,,,,,,,,,
AD3830770CCDD0AD38300280,,,,,,,-72.5,,-72.0,-68.5,,,,,,,,,,,,,,,-75.5,,-72.5,-67.0,,,-75.66666666666667,-75.75,-75.5,,,,,,,,,,,,,,,,,,,,,,,,,,0.7637626158259737,1.0606601717798212,0.0,,,,,,,-72.5,,-72.0,-68.5,,,,,,,,,,,,,,,-75.5,,-72.5,-67.0,,,-76.5,-76.5,-75.5,,,,,,,-72.5,,-72.0,-68.5,,,,,,,,,,,,,,,-75.5,,-72.5,-67.0,,,-75.0,-75.0,-75.5,,,,,,,-72.5,,-72.0,-68.5,,,,,,,,,,,,,,,-75.5,,-72.5,-67.0,,,-75.5,-75.75,-75.5,,,,,,,1.0,,1.0,1.0,,,,,,,,,,,,,,,1.0,,1.0,1.0,,,3.0,2.0,2.0
AD3830770CCDD0AD38300284,,,,,,,,,-66.0,,,,,,,,,,,,,,,,,,-72.0,-74.5,,,,,,,,,,,,,,,,,,,,,,,,,,,,1.4142135623730951,,,,,,,,,,,,,,-66.0,,,,,,,,,,,,,,,,,,-73.0,-74.5,,,,,,,,,,,,,,-66.0,,,,,,,,,,,,,,,,,,-71.0,-74.5,,,,,,,,,,,,,,-66.0,,,,,,,,,,,,,,,,,,-72.0,-74.5,,,,,,,,,,,,,,1.0,,,,,,,,,,,,,,,,,,2.0,1.0,,,,,
AD3830770CCDD0AD38300285,,-77.5,,-77.5,,-77.0,,,,-77.5,-76.5,,-77.25,,-76.75,,,,,,,,,,,,,,,,,,,,,,,,,,,,,,0.3535533905932738,,0.3535533905932738,,,,,,,,,,,,,,,,-77.5,,-77.5,,-77.0,,,,-77.5,-76.5,,-77.5,,-77.0,,,,,,,,,,,,,,,,,,,,-77.5,,-77.5,,-77.0,,,,-77.5,-76.5,,-77.0,,-76.5,,,,,,,,,,,,,,,,,,,,-77.5,,-77.5,,-77.0,,,,-77.5,-76.5,,-77.25,,-76.75,,,,,,,,,,,,,,,,,,,,1.0,,1.0,,1.0,,,,1.0,1.0,,2.0,,2.0,,,,,,,,,,,,,,,,,,
AD3830770CCDD0AD38300286,,,,,,,,,-67.0,,,,,,,,,,,,,,,,,-64.0,,,,,,,,,,,,,,,,,,,,,,,,,,,,,,,,,,,,,,,,,,,,-67.0,,,,,,,,,,,,,,,,,-64.0,,,,,,,,,,,,,,,,-67.0,,,,,,,,,,,,,,,,,-64.0,,,,,,,,,,,,,,,,-67.0,,,,,,,,,,,,,,,,,-64.0,,,,,,,,,,,,,,,,1.0,,,,,,,,,,,,,,,,,1.0,,,,,,,
AD3830770CCDD0AD3830028A,,,,,,,,-74.5,-69.5,,,,,,,-76.0,,,,,,,,,,,,-76.0,-75.5,,,-75.0,-74.0,,,,,,,,,,,,,,,,,,,,,,,,,,,,,,,,,,,,-74.5,-69.5,,,,,,,-76.0,,,,,,,,,,,,-76.0,-75.5,,,-75.0,-74.0,,,,,,,,-74.5,-69.5,,,,,,,-76.0,,,,,,,,,,,,-76.0,-75.5,,,-75.0,-74.0,,,,,,,,-74.5,-69.5,,,,,,,-76.0,,,,,,,,,,,,-76.0,-75.5,,,-75.0,-74.0,,,,,,,,1.0,1.0,,,,,,,1.0,,,,,,,,,,,,1.0,1.0,,,1.0,1.0
AD3830770CCDD0AD38300290,,,,,,,,,-70.0,,,,,,,,,,,,,,,,,,-67.0,,,,,,,,,,,,,,,,,,,,,,,,,,,,,,,,,,,,,,,,,,,-70.0,,,,,,,,,,,,,,,,,,-67.0,,,,,,,,,,,,,,,-70.0,,,,,,,,,,,,,,,,,,-67.0,,,,,,,,,,,,,,,-70.0,,,,,,,,,,,,,,,,,,-67.0,,,,,,,,,,,,,,,1.0,,,,,,,,,,,,,,,,,,1.0,,,,,,
AD3830770CCDD0AD38300293,,,-75.0,,-75.0,,,-67.5,,,,,,,,,,,,,,,,,,-58.0,,,,,,,,,,,,,,,,,,,,,,,,,,,,,,,,,,,,,,-75.0,,-75.0,,,-67.5,,,,,,,,,,,,,,,,,,-58.0,,,,,,,,,,-75.0,,-75.0,,,-67.5,,,,,,,,,,,,,,,,,,-58.0,,,,,,,,,,-75.0,,-75.0,,,-67.5,,,,,,,,,,,,,,,,,,-58.0,,,,,,,,,,1.0,,1.0,,,1.0,,,,,,,,,,,,,,,,,,1.0,,,,,,,
AD3830770CCDD0AD3830029C,-74.0,,,-77.0,,-73.5,,,,-75.5,,,,,,,-76.5,,,,,,,,,,,,,,,,,,,,,,,,,,,,,,,,,,,,,,,,,,,,,-74.0,,,-77.0,,-73.5,,,,-75.5,,,,,,,-76.5,,,,,,,,,,,,,,,,,-74.0,,,-77.0,,-73.5,,,,-75.5,,,,,,,-76.5,,,,,,,,,,,,,,,,,-74.0,,,-77.0,,-73.5,,,,-75.5,,,,,,,-76.5,,,,,,,,,,,,,,,,,1.0,,,1.0,,1.0,,,,1.0,,,,,,,1.0,,,,,,,,,,,,,,,,
AD3830770CCDD0AD3830029F,,,,,,,,,-65.0,,,,,,,,,,,,,,,,,-64.5,,,,,,,,,,,,,,,,,,,,,,,,,,,,,,,,,,,,,,,,,,,,-65.0,,,,,,,,,,,,,,,,,-64.5,,,,,,,,,,,,,,,,-65.0,,,,,,,,,,,,,,,,,-64.5,,,,,,,,,,,,,,,,-65.0,,,,,,,,,,,,,,,,,-64.5,,,,,,,,,,,,,,,,1.0,,,,,,,,,,,,,,,,,1.0,,,,,,,
AD3830770CCDD0AD383002AA,,-74.0,,-74.5,,-74.5,,-74.25,,,-74.5,,-74.5,-74.0,-74.0,,-74.0,,,,,,,,-75.0,,,,,,,,,,,,,,,1.0606601717798212,,,,,,,,,,,,,,,,,,,,,,,-74.0,,-74.5,,-74.5,,-75.0,,,-74.5,,-74.5,-74.0,-74.0,,-74.0,,,,,,,,-75.0,,,,,,,,,,-74.0,,-74.5,,-74.5,,-73.5,,,-74.5,,-74.5,-74.0,-74.0,,-74.0,,,,,,,,-75.0,,,,,,,,,,-74.0,,-74.5,,-74.5,,-74.25,,,-74.5,,-74.5,-74.0,-74.0,,-74.0,,,,,,,,-75.0,,,,,,,,,,1.0,,1.0,,1.0,,2.0,,,1.0,,1.0,1.0,1.0,,1.0,,,,,,,,1.0,,,,,,,,
AD3830770CCDD0AD383002B9,,,,,,,-73.0,,-70.5,-72.0,,,,,,,,,,,,,,,,,,-70.0,,,,,,,,,,,3.5355339059327378,,,,,,,,,,,,,,,,,,,,,,,,,,,,,-75.5,,-70.5,-72.0,,,,,,,,,,,,,,,,,,-70.0,,,,,,,,,,,,-70.5,,-70.5,-72.0,,,,,,,,,,,,,,,,,,-70.0,,,,,,,,,,,,-73.0,,-70.5,-72.0,,,,,,,,,,,,,,,,,,-70.0,,,,,,,,,,,,2.0,,1.0,1.0,,,,,,,,,,,,,,,,,,1.0,,,,,
AD3830770CCDD0AD383002BE,,,,,,,,,,,,,,,,,,,,,,,,,-75.0,-55.0,,-75.0,,-74.5,,-73.0,,,,,,,,,,,,,,,,,,,,,,,,,,,,,,,,,,,,,,,,,,,,,,,,,,,,,,-75.0,-55.0,,-75.0,,-74.5,,-73.0,,,,,,,,,,,,,,,,,,,,,,,,,,-75.0,-55.0,,-75.0,,-74.5,,-73.0,,,,,,,,,,,,,,,,,,,,,,,,,,-75.0,-55.0,,-75.0,,-74.5,,-73.0,,,,,,,,,,,,,,,,,,,,,,,,,,1.0,1.0,,1.0,,1.0,,1.0,
AD3830770CCDD0AD383002C0,,,,,,,,,-70.5,,,,,,,,,,,,,,,,,,-68.0,,,,,,,,,,,,,,,,,,,,,,,,,,,,,,,,,,,,,,,,,,,-70.5,,,,,,,,,,,,,,,,,,-68.0,,,,,,,,,,,,,,,-70.5,,,,,,,,,,,,,,,,,,-68.0,,,,,,,,,,,,,,,-70.5,,,,,,,,,,,,,,,,,,-68.0,,,,,,,,,,,,,,,1.0,,,,,,,,,,,,,,,,,,1.0,,,,,,
AD3830770CCDD0AD383002CC,,-76.0,,,,,,,,,,,,,,,,,,,,,,,,-76.5,,,,,,,,,0.7071067811865476,,,,,,,,,,,,,,,,,,,,,,,,,,,,-76.5,,,,,,,,,,,,,,,,,,,,,,,,-76.5,,,,,,,,,-75.5,,,,,,,,,,,,,,,,,,,,,,,,-76.5,,,,,,,,,-76.0,,,,,,,,,,,,,,,,,,,,,,,,-76.5,,,,,,,,,2.0,,,,,,,,,,,,,,,,,,,,,,,,1.0,,,,,,,
AD3830770CCDD0AD383002D3,,,,,,,,,-66.5,,,,,,,,,,,,,,,,,,,,,,,,,,,,,,,,1.4142135623730951,,,,,,,,,,,,,,,,,,,,,,,,,,,,,-67.5,,,,,,,,,,,,,,,,,,,,,,,,,,,,,,,,,-65.5,,,,,,,,,,,,,,,,,,,,,,,,,,,,,,,,,-66.5,,,,,,,,,,,,,,,,,,,,,,,,,,,,,,,,,2.0,,,,,,,,,,,,,,,,,,,,,,,,
AD3830770CCDD0AD383002D8,-71.0,,-72.0,,-72.5,-73.0,,-70.0,,-74.0,,-72.5,,-71.5,,-71.0,-72.5,,,,,,,,,,,,,,,,,,,,,,,,,,,,,,,,,,,,,,,,,,,,,-71.0,,-72.0,,-72.5,-73.0,,-70.0,,-74.0,,-72.5,,-71.5,,-71.0,-72.5,,,,,,,,,,,,,,,,,-71.0,,-72.0,,-72.5,-73.0,,-70.0,,-74.0,,-72.5,,-71.5,,-71.0,-72.5,,,,,,,,,,,,,,,,,-71.0,,-72.0,,-72.5,-73.0,,-70.0,,-74.0,,-72.5,,-71.5,,-71.0,-72.5,,,,,,,,,,,,,,,,,1.0,,1.0,,1.0,1.0,,1.0,,1.0,,1.0,,1.0,,1.0,1.0,,,,,,,,,,,,,,,,
AD3830770CCDD0AD383002DA,-69.5,,-69.0,,-69.0,-68.5,-69.0,,-71.0,-68.5,,-69.0,,-68.5,-67.5,,-69.0,,,,,,,,,,,,,,,,,,,,,,,,,,,,,,,,,,,,,,,,,,,,,-69.5,,-69.0,,-69.0,-68.5,-69.0,,-71.0,-68.5,,-69.0,,-68.5,-67.5,,-69.0,,,,,,,,,,,,,,,,,-69.5,,-69.0,,-69.0,-68.5,-69.0,,-71.0,-68.5,,-69.0,,-68.5,-67.5,,-69.0,,,,,,,,,,,,,,,,,-69.5,,-69.0,,-69.0,-68.5,-69.0,,-71.0,-68.5,,-69.0,,-68.5,-67.5,,-69.0,,,,,,,,,,,,,,,,,1.0,,1.0,,1.0,1.0,1.0,,1.0,1.0,,1.0,,1.0,1.0,,1.0,,,,,,,,,,,,,,,,
AD3830770CCDD0AD383002DB,,-75.5,,-73.5,,-76.5,,-76.0,-75.5,-74.0,-73.5,-74.0,,-74.0,-74.0,-75.0,,,,,,,,,,,,,,,,,,,,,,,,,,,,,,0.0,,0.0,,,,,,,,,,,,,,,-75.5,,-73.5,,-76.5,,-76.0,-75.5,-74.0,-73.5,-74.0,,-74.0,-74.0,-75.0,,,,,,,,,,,,,,,,,,,-75.5,,-73.5,,-76.5,,-76.0,-75.5,-74.0,-73.5,-74.0,,-74.0,-74.0,-75.0,,,,,,,,,,,,,,,,,,,-75.5,,-73.5,,-76.5,,-76.0,-75.5,-74.0,-73.5,-74.0,,-74.0,-74.0,-75.0,,,,,,,,,,,,,,,,,,,1.0,,1.0,,1.0,,1.0,1.0,1.0,1.0,1.0,,2.0,1.0,2.0,,,,,,,,,,,,,,,,,
AD3830770CCDD0AD383002DC,,,,,,,,-69.5,,,,,,,,,,,,,,,,,,-55.5,,-76.5,,,,,,,,,,,,,,,,,,,,,,,,,,,,,,,,,,,,,,,,,-69.5,,,,,,,,,,,,,,,,,,-55.5,,-76.5,,,,,,,,,,,,,-69.5,,,,,,,,,,,,,,,,,,-55.5,,-76.5,,,,,,,,,,,,,-69.5,,,,,,,,,,,,,,,,,,-55.5,,-76.5,,,,,,,,,,,,,1.0,,,,,,,,,,,,,,,,,,1.0,,1.0,,,,,
AD3830770CCDD0AD383002E7,,,,,,,,,,,,,,,,,,-73.5,-73.5,,-73.0,,-73.5,-74.0,-74.5,-75.0,,,-71.0,-75.5,,-74.0,-73.5,,,,,,,,,,,,,,,,,,,,,,,,,,,,,,,,,,,,,,,,,,,,,,-73.5,-73.5,,-73.0,,-73.5,-74.0,-74.5,-75.0,,,-71.0,-75.5,,-74.0,-73.5,,,,,,,,,,,,,,,,,,-73.5,-73.5,,-73.0,,-73.5,-74.0,-74.5,-75.0,,,-71.0,-75.5,,-74.0,-73.5,,,,,,,,,,,,,,,,,,-73.5,-73.5,,-73.0,,-73.5,-74.0,-74.5,-75.0,,,-71.0,-75.5,,-74.0,-73.5,,,,,,,,,,,,,,,,,,1.0,1.0,,1.0,,1.0,1.0,1.0,1.0,,,1.0,1.0,,1.0,1.0
AD3830770CCDD0AD383002F1,,,,,,-77.5,,-77.5,,-78.0,,-78.5,,,-75.5,,-78.5,,,,,,,,,,,,,,,,,,,,,,,,,,,,,,,,,,,,,,,,,,,,,,,,,,-77.5,,-77.5,,-78.0,,-78.5,,,-75.5,,-78.5,,,,,,,,,,,,,,,,,,,,,,-77.5,,-77.5,,-78.0,,-78.5,,,-75.5,,-78.5,,,,,,,,,,,,,,,,,,,,,,-77.5,,-77.5,,-78.0,,-78.5,,,-75.5,,-78.5,,,,,,,,,,,,,,,,,,,,,,1.0,,1.0,,1.0,,1.0,,,1.0,,1.0,,,,,,,,,,,,,,,,
AD3830770CCDD0AD383002FC,,,,,,,,,-69.5,,-73.0,,,,,,,,,,,,,,,,-75.5,,,-76.0,-74.0,-75.0,-75.0,,,,,,,,,,,,,,,,,,,,,,,,,,,,,,,,,,,,,-69.5,,-73.0,,,,,,,,,,,,,,,,-75.5,,,-76.0,-74.0,-75.0,-75.0,,,,,,,,,-69.5,,-73.0,,,,,,,,,,,,,,,,-75.5,,,-76.0,-74.0,-75.0,-75.0,,,,,,,,,-69.5,,-73.0,,,,,,,,,,,,,,,,-75.5,,,-76.0,-74.0,-75.0,-75.0,,,,,,,,,1.0,,1.0,,,,,,,,,,,,,,,,1.0,,,1.0,1.0,1.0,1.0
AD3830770CCDD0AD38300301,-73.5,,-73.25,,,-73.0,,-72.0,,-73.5,,-72.5,,-73.0,,-74.5,,,,,,,,,,,,,,,,,,,,0.3535533905932738,,,,,,,,,,0.0,,,,,,,,,,,,,,,,-73.5,,-73.5,,,-73.0,,-72.0,,-73.5,,-72.5,,-73.0,,-74.5,,,,,,,,,,,,,,,,,,-73.5,,-73.0,,,-73.0,,-72.0,,-73.5,,-72.5,,-73.0,,-74.5,,,,,,,,,,,,,,,,,,-73.5,,-73.25,,,-73.0,,-72.0,,-73.5,,-72.5,,-73.0,,-74.5,,,,,,,,,,,,,,,,,,1.0,,2.0,,,1.0,,1.0,,1.0,,1.0,,2.0,,1.0,,,,,,,,,,,,,,,,,
AD3830770CCDD0AD38300307,-76.0,,-76.0,,,,-76.5,,-75.5,,,-77.0,,-75.5,-76.0,-75.5,,,,,-76.0,,,,,-75.5,,,,,,,,,,,,,,,,,,,,,,,,,,,,,,,,,,,,-76.0,,-76.0,,,,-76.5,,-75.5,,,-77.0,,-75.5,-76.0,-75.5,,,,,-76.0,,,,,-75.5,,,,,,,,-76.0,,-76.0,,,,-76.5,,-75.5,,,-77.0,,-75.5,-76.0,-75.5,,,,,-76.0,,,,,-75.5,,,,,,,,-76.0,,-76.0,,,,-76.5,,-75.5,,,-77.0,,-75.5,-76.0,-75.5,,,,,-76.0,,,,,-75.5,,,,,,,,1.0,,1.0,,,,1.0,,1.0,,,1.0,,1.0,1.0,1.0,,,,,1.0,,,,,1.0,,,,,,,
AD3830770CCDD0AD38300309,,,,,,,,,,,,,,,,,,-68.5,-68.5,,-70.0,-68.5,,-69.5,,-72.0,,-68.0,-72.5,,-69.5,,-73.0,,,,,,,,,,,,,,,,,,,,,,,,,,,,,,,,,,,,,,,,,,,,,,-68.5,-68.5,,-70.0,-68.5,,-69.5,,-72.0,,-68.0,-72.5,,-69.5,,-73.0,,,,,,,,,,,,,,,,,,-68.5,-68.5,,-70.0,-68.5,,-69.5,,-72.0,,-68.0,-72.5,,-69.5,,-73.0,,,,,,,,,,,,,,,,,,-68.5,-68.5,,-70.0,-68.5,,-69.5,,-72.0,,-68.0,-72.5,,-69.5,,-73.0,,,,,,,,,,,,,,,,,,1.0,1.0,,1.0,1.0,,1.0,,1.0,,1.0,1.0,,1.0,,1.0
AD3830770CCDD0AD3830030D,,,,,,,,,-62.0,,,,,,,,,,,,,,,,,,-64.5,,,,,,,,,,,,,,,,,,,,,,,,,,,,,,,,,,,,,,,,,,,-62.0,,,,,,,,,,,,,,,,,,-64.5,,,,,,,,,,,,,,,-62.0,,,,,,,,,,,,,,,,,,-64.5,,,,,,,,,,,,,,,-62.0,,,,,,,,,,,,,,,,,,-64.5,,,,,,,,,,,,,,,1.0,,,,,,,,,,,,,,,,,,1.0,,,,,,
AD3830770CCDD0AD3830031B,-75.5,-74.5,,-75.0,,-74.5,,,,-75.5,-75.5,,-75.5,,,-76.0,,,,,,,,,,,,,,,,,,,,,,0.0,,,,,,,,,,,,,,,,,,,,,,,,-75.5,-74.5,,-75.0,,-74.5,,,,-75.5,-75.5,,-75.5,,,-76.0,,,,,,,,,,,,,,,,,,-75.5,-74.5,,-75.0,,-74.5,,,,-75.5,-75.5,,-75.5,,,-76.0,,,,,,,,,,,,,,,,,,-75.5,-74.5,,-75.0,,-74.5,,,,-75.5,-75.5,,-75.5,,,-76.0,,,,,,,,,,,,,,,,,,1.0,1.0,,1.0,,2.0,,,,1.0,1.0,,1.0,,,1.0,,,,,,,,,,,,,,,,,
AD3830770CCDD0AD38300324,-71.0,,-71.5,-72.0,,-73.5,,-70.5,,-70.0,-70.5,,-71.0,,-70.5,,-71.5,,,,,,,,,,,,,,,,,,,,,,,,,,,,,,,,,,,,,,,,,,,,,-71.0,,-71.5,-72.0,,-73.5,,-70.5,,-70.0,-70.5,,-71.0,,-70.5,,-71.5,,,,,,,,,,,,,,,,,-71.0,,-71.5,-72.0,,-73.5,,-70.5,,-70.0,-70.5,,-71.0,,-70.5,,-71.5,,,,,,,,,,,,,,,,,-71.0,,-71.5,-72.0,,-73.5,,-70.5,,-70.0,-70.5,,-71.0,,-70.5,,-71.5,,,,,,,,,,,,,,,,,1.0,,1.0,1.0,,1.0,,1.0,,1.0,1.0,,1.0,,1.0,,1.0,,,,,,,,,,,,,,,,
AD3830770CCDD0AD38300326,-71.5,,,,-71.0,-70.0,,-70.0,,,,-71.5,,,-70.5,-72.0,,,-71.0,,,,,,,-74.0,,,-72.5,,,,,2.8284271247461903,,,,,,,,,,,,,0.0,,,,,,,,,,,,,,,-73.5,,,,-71.0,-70.0,,-70.0,,,,-71.5,,,-70.5,-72.0,,,-71.0,,,,,,,-74.0,,,-72.5,,,,,-69.5,,,,-71.0,-70.0,,-70.0,,,,-71.5,,,-70.5,-72.0,,,-71.0,,,,,,,-74.0,,,-72.5,,,,,-71.5,,,,-71.0,-70.0,,-70.0,,,,-71.5,,,-70.5,-72.0,,,-71.0,,,,,,,-74.0,,,-72.5,,,,,2.0,,,,1.0,1.0,,1.0,,,,1.0,,,2.0,1.0,,,1.0,,,,,,,1.0,,,1.0,,,,
AD3830770CCDD0AD3830032E,,,,,,,,-75.0,,,,,,,,,,,,,,,,,-75.5,,,,,,,,,,,,,,,,,,,,,,,,,,,,,,,,,,,,,,,,,,,,-75.0,,,,,,,,,,,,,,,,,-75.5,,,,,,,,,,,,,,,,-75.0,,,,,,,,,,,,,,,,,-75.5,,,,,,,,,,,,,,,,-75.0,,,,,,,,,,,,,,,,,-75.5,,,,,,,,,,,,,,,,1.0,,,,,,,,,,,,,,,,,1.0,,,,,,,,
AD3830770CCDD0AD3830032F,,,,,,,,,,,,,,,,,,,,,,,,,-67.5,,-66.5,-71.0,,,,-75.5,,,,,,,,,,,,,,,,,,,,,,,,,,,,,,,,,,,,,,,,,,,,,,,,,,,,,,-67.5,,-66.5,-71.0,,,,-75.5,,,,,,,,,,,,,,,,,,,,,,,,,,-67.5,,-66.5,-71.0,,,,-75.5,,,,,,,,,,,,,,,,,,,,,,,,,,-67.5,,-66.5,-71.0,,,,-75.5,,,,,,,,,,,,,,,,,,,,,,,,,,1.0,,1.0,1.0,,,,1.0,
AD3830770CCDD0AD38300333,,-76.0,,,,,,,,,,,,,,,,,,,,,,,,,,,,,,,,,,,,,,,,,,,,,,,,,,,,,,,,,,,,,-76.0,,,,,,,,,,,,,,,,,,,,,,,,,,,,,,,,,-76.0,,,,,,,,,,,,,,,,,,,,,,,,,,,,,,,,,-76.0,,,,,,,,,,,,,,,,,,,,,,,,,,,,,,,,,1.0,,,,,,,,,,,,,,,,,,,,,,,,,,,,,,,
AD3830770CCDD0AD3830033A,-71.0,,-72.0,-73.0,-74.5,,-74.0,,-71.0,,-70.5,,-70.5,,-71.0,-70.0,-73.0,,,,,,,,,,,,,,,,,,,,,,,,,,,,,,,,,,,,,,,,,,,,,-71.0,,-72.0,-73.0,-74.5,,-74.0,,-71.0,,-70.5,,-70.5,,-71.0,-70.0,-73.0,,,,,,,,,,,,,,,,,-71.0,,-72.0,-73.0,-74.5,,-74.0,,-71.0,,-70.5,,-70.5,,-71.0,-70.0,-73.0,,,,,,,,,,,,,,,,,-71.0,,-72.0,-73.0,-74.5,,-74.0,,-71.0,,-70.5,,-70.5,,-71.0,-70.0,-73.0,,,,,,,,,,,,,,,,,1.0,,1.0,1.0,1.0,,1.0,,1.0,,1.0,,1.0,,1.0,1.0,1.0,,,,,,,,,,,,,,,,
AD3830770CCDD0AD38300342,-70.0,,-74.5,-73.5,,-72.5,-74.5,-73.0,-73.0,,-71.5,,-72.5,-71.0,,-73.5,,,,,,,,,,,,,,,,,,,,,,,,,3.5355339059327378,,,,,,,,,,,,,,,,,,,,,-70.0,,-74.5,-73.5,,-72.5,-74.5,-73.0,-75.5,,-71.5,,-72.5,-71.0,,-73.5,,,,,,,,,,,,,,,,,,-70.0,,-74.5,-73.5,,-72.5,-74.5,-73.0,-70.5,,-71.5,,-72.5,-71.0,,-73.5,,,,,,,,,,,,,,,,,,-70.0,,-74.5,-73.5,,-72.5,-74.5,-73.0,-73.0,,-71.5,,-72.5,-71.0,,-73.5,,,,,,,,,,,,,,,,,,1.0,,1.0,1.0,,1.0,1.0,1.0,2.0,,1.0,,1.0,1.0,,1.0,,,,,,,,,,,,,,,,,
AD3830770CCDD0AD38300343,,,,,,,,,,,,,,,,,,-73.5,-73.5,,-73.5,,-74.0,,-73.5,-73.66666666666667,,-72.0,,-74.0,,-73.0,-73.0,,,,,,,,,,,,,,,,,,,,,0.0,0.5773502691896247,,,,,,,,,,,,,,,,,,,,,,,,-73.5,-73.5,,-73.5,,-74.0,,-73.5,-74.0,,-72.0,,-74.0,,-73.0,-73.0,,,,,,,,,,,,,,,,,,-73.5,-73.5,,-73.5,,-74.0,,-73.5,-73.0,,-72.0,,-74.0,,-73.0,-73.0,,,,,,,,,,,,,,,,,,-73.5,-73.5,,-73.5,,-74.0,,-73.5,-74.0,,-72.0,,-74.0,,-73.0,-73.0,,,,,,,,,,,,,,,,,,1.0,1.0,,1.0,,1.0,,2.0,3.0,,1.0,,1.0,,1.0,1.0
AD3830770CCDD0AD38300372,,,,,,,,,,,,,,,,,,-77.0,-76.5,,-77.0,,-77.0,,-76.5,,-75.5,,-76.5,,,-77.25,,,,,,,,,,,,,,,,,,,,,,,,,,,,0.3535533905932738,,,,,,,,,,,,,,,,,,,-77.0,-76.5,,-77.0,,-77.0,,-76.5,,-75.5,,-76.5,,,-77.5,,,,,,,,,,,,,,,,,,,-77.0,-76.5,,-77.0,,-77.0,,-76.5,,-75.5,,-76.5,,,-77.0,,,,,,,,,,,,,,,,,,,-77.0,-76.5,,-77.0,,-77.0,,-76.5,,-75.5,,-76.5,,,-77.25,,,,,,,,,,,,,,,,,,,1.0,1.0,,1.0,,1.0,,1.0,,1.0,,1.0,,,2.0,
AD3830770CCDD0AD38300399,,,,,,,,,,,-73.0,,-73.5,-73.0,,-73.0,,-75.5,-74.5,,-74.0,,-72.5,,-73.0,,-76.5,,,,,,,,,,,,,,,,,,,,,,,,2.1213203435596424,1.4142135623730951,,,,,,,,,,,,,,,,,,,,-73.0,,-73.5,-73.0,,-73.0,,-75.5,-76.0,,-75.0,,-72.5,,-73.0,,-76.5,,,,,,,,,,,,,,,,,-73.0,,-73.5,-73.0,,-73.0,,-75.5,-73.0,,-73.0,,-72.5,,-73.0,,-76.5,,,,,,,,,,,,,,,,,-73.0,,-73.5,-73.0,,-73.0,,-75.5,-74.5,,-74.0,,-72.5,,-73.0,,-76.5,,,,,,,,,,,,,,,,,1.0,,1.0,1.0,,1.0,,1.0,2.0,,2.0,,1.0,,1.0,,1.0,,,,,,
AD3830770CCDD0AD383003A9,,,,,,,,,,,,,,,,,,,,,,,,,,,,,,-76.5,,,,,,,,,,,,,,,,,,,,,,,,,,,,,,,,,,,,,,,,,,,,,,,,,,,,,,,,,,,,,-76.5,,,,,,,,,,,,,,,,,,,,,,,,,,,,,,,,,-76.5,,,,,,,,,,,,,,,,,,,,,,,,,,,,,,,,,-76.5,,,,,,,,,,,,,,,,,,,,,,,,,,,,,,,,,1.0,,,
AD3830770CCDD0AD383003B3,-72.0,,-72.0,,-71.5,-72.5,,-71.5,,-73.75,,-72.0,,-70.5,-70.5,,-72.5,,,,,,,,,,,,,,,,,,,0.0,,,,,,1.0606601717798212,,,,,,,,,,,,,,,,,,,,-72.0,,-72.0,,-71.5,-72.5,,-71.5,,-74.5,,-72.0,,-70.5,-70.5,,-72.5,,,,,,,,,,,,,,,,,-72.0,,-72.0,,-71.5,-72.5,,-71.5,,-73.0,,-72.0,,-70.5,-70.5,,-72.5,,,,,,,,,,,,,,,,,-72.0,,-72.0,,-71.5,-72.5,,-71.5,,-73.75,,-72.0,,-70.5,-70.5,,-72.5,,,,,,,,,,,,,,,,,1.0,,2.0,,1.0,1.0,,1.0,,2.0,,1.0,,1.0,1.0,,1.0,,,,,,,,,,,,,,,,
AD3830770CCDD0AD383003B7,,,,,,,,,,,,,,,,-76.5,,,,,,,,,,,,,,,,,,,,,,,,,,,,,,,,,,,,,,,,,,,,,,,,,,,,,,,,,,,,,-76.5,,,,,,,,,,,,,,,,,,,,,,,,,,,,,,,,,-76.5,,,,,,,,,,,,,,,,,,,,,,,,,,,,,,,,,-76.5,,,,,,,,,,,,,,,,,,,,,,,,,,,,,,,,,1.0,,,,,,,,,,,,,,,,,
AD3830770CCDD0AD383003BB,,,,,,,,,,,,,,,,,,-75.5,,-75.5,,-75.5,,,,-75.5,-74.0,-75.0,,-74.0,,-75.0,-75.25,,,,,,,,,,,,,,,,,0.7071067811865476,,,,,0.0,,,,,,0.3535533905932738,,,,,,,,,,,,,,,,,,-76.0,,-75.5,,-75.5,,,,-75.5,-74.0,-75.0,,-74.0,,-75.0,-75.5,,,,,,,,,,,,,,,,,,-75.0,,-75.5,,-75.5,,,,-75.5,-74.0,-75.0,,-74.0,,-75.0,-75.0,,,,,,,,,,,,,,,,,,-75.5,,-75.5,,-75.5,,,,-75.5,-74.0,-75.0,,-74.0,,-75.0,-75.25,,,,,,,,,,,,,,,,,,2.0,,1.0,,1.0,,,,2.0,1.0,1.0,,1.0,,1.0,2.0
AD3830770CCDD0AD383003BC,,,,,,,,,-66.0,,,,,,,,,,,,,,,,,-56.5,-61.0,,,,,,,,,,,,,,,,,,,,,,,,,,,,,,,,,,,,,,,,,,,-66.0,,,,,,,,,,,,,,,,,-56.5,-61.0,,,,,,,,,,,,,,,-66.0,,,,,,,,,,,,,,,,,-56.5,-61.0,,,,,,,,,,,,,,,-66.0,,,,,,,,,,,,,,,,,-56.5,-61.0,,,,,,,,,,,,,,,1.0,,,,,,,,,,,,,,,,,1.0,1.0,,,,,,
AD3830770CCDD0AD383003C8,,,,,,,,-71.0,,,,,,,,,,,,,,,,,,-62.5,,,,,,,,,,,,,,,,,,,,,,,,,,,,,,,,,,,,,,,,,,,-71.0,,,,,,,,,,,,,,,,,,-62.5,,,,,,,,,,,,,,,-71.0,,,,,,,,,,,,,,,,,,-62.5,,,,,,,,,,,,,,,-71.0,,,,,,,,,,,,,,,,,,-62.5,,,,,,,,,,,,,,,1.0,,,,,,,,,,,,,,,,,,1.0,,,,,,,
AD3830770CCDD0AD383003D6,,,,,,,,,-66.5,,,,,,,,,,,,,,,,-75.0,,-65.5,-71.0,,-72.0,,-72.66666666666667,,,,,,,,,,,,,,,,,,,,,,,,,,,,0.2886751345948139,,,,,,,,,,-66.5,,,,,,,,,,,,,,,,-75.0,,-65.5,-71.0,,-72.0,,-73.0,,,,,,,,,,-66.5,,,,,,,,,,,,,,,,-75.0,,-65.5,-71.0,,-72.0,,-72.5,,,,,,,,,,-66.5,,,,,,,,,,,,,,,,-75.0,,-65.5,-71.0,,-72.0,,-72.5,,,,,,,,,,1.0,,,,,,,,,,,,,,,,1.0,,1.0,1.0,,1.0,,3.0,
AD3830770CCDD0AD383003E3,,,,,,,,,-69.5,,-71.5,,,,,,,,,,,,,,,,,,,,,,,,,,,,,,,,,,,,,,,,,,,,,,,,,,,,,,,,,,,-69.5,,-71.5,,,,,,,,,,,,,,,,,,,,,,,,,,,,,,,-69.5,,-71.5,,,,,,,,,,,,,,,,,,,,,,,,,,,,,,,-69.5,,-71.5,,,,,,,,,,,,,,,,,,,,,,,,,,,,,,,1.0,,1.0,,,,,,,,,,,,,,,,,,,,,,
AD3830770CCDD0AD383003E6,,,,,,,,,-68.5,,,,,,,,,,,,,,,,,-66.0,,,,,,,,,,,,,,,2.1213203435596424,,,,,,,,,,,,,,,,,,,,,,,,,,,,,-70.0,,,,,,,,,,,,,,,,,-66.0,,,,,,,,,,,,,,,,-67.0,,,,,,,,,,,,,,,,,-66.0,,,,,,,,,,,,,,,,-68.5,,,,,,,,,,,,,,,,,-66.0,,,,,,,,,,,,,,,,2.0,,,,,,,,,,,,,,,,,1.0,,,,,,,
AD3830770CCDD0AD383003E9,,,,,,,,,-65.5,,,,,,,,,,,,,,,,,-61.0,,,,,,,,,,,,,,,,,,,,,,,,,,,,,,,,,,,,,,,,,,,,-65.5,,,,,,,,,,,,,,,,,-61.0,,,,,,,,,,,,,,,,-65.5,,,,,,,,,,,,,,,,,-61.0,,,,,,,,,,,,,,,,-65.5,,,,,,,,,,,,,,,,,-61.0,,,,,,,,,,,,,,,,1.0,,,,,,,,,,,,,,,,,1.0,,,,,,,
AD3830770CCDD0AD383003EB,,,,,,,,,-67.5,,,,,,,,,,,,,,,,,,-73.5,,,,,,,,,,,,,,,,,,,,,,,,,,,,,,,,,,,,,,,,,,,-67.5,,,,,,,,,,,,,,,,,,-73.5,,,,,,,,,,,,,,,-67.5,,,,,,,,,,,,,,,,,,-73.5,,,,,,,,,,,,,,,-67.5,,,,,,,,,,,,,,,,,,-73.5,,,,,,,,,,,,,,,1.0,,,,,,,,,,,,,,,,,,1.0,,,,,,
AD3830770CCDD0AD383003ED,,,,,,,,-70.0,-61.5,,,,,,,,,,,,,,,,,-66.0,-71.0,,,,,,,,,,,,,,,,,,,,,,,,,,,,,,,,,,,,,,,,,,-70.0,-61.5,,,,,,,,,,,,,,,,,-66.0,-71.0,,,,,,,,,,,,,,-70.0,-61.5,,,,,,,,,,,,,,,,,-66.0,-71.0,,,,,,,,,,,,,,-70.0,-61.5,,,,,,,,,,,,,,,,,-66.0,-71.0,,,,,,,,,,,,,,1.0,1.0,,,,,,,,,,,,,,,,,1.0,1.0,,,,,,
AD3830770CCDD0AD383003F6,,,,,,,,,-70.5,,,,,,,,,,,,,,,,,-57.0,,,,,,,,,,,,,,,,,,,,,,,,,,,,,,,,,,,,,,,,,,,,-70.5,,,,,,,,,,,,,,,,,-57.0,,,,,,,,,,,,,,,,-70.5,,,,,,,,,,,,,,,,,-57.0,,,,,,,,,,,,,,,,-70.5,,,,,,,,,,,,,,,,,-57.0,,,,,,,,,,,,,,,,1.0,,,,,,,,,,,,,,,,,1.0,,,,,,,
AD3830770CCDD0AD383003F7,,,,,,,-73.5,,-67.5,,,,-76.5,,,,,,,,,,,,,-63.5,-67.25,,-75.5,,-73.0,-73.83333333333333,,,,,,,,,,,,,,,,,,,,,,,,1.7677669529663689,,,,0.2886751345948139,,,,,,,,-73.5,,-67.5,,,,-76.5,,,,,,,,,,,,,-63.5,-68.5,,-75.5,,-73.0,-74.0,,,,,,,,-73.5,,-67.5,,,,-76.5,,,,,,,,,,,,,-63.5,-66.0,,-75.5,,-73.0,-73.5,,,,,,,,-73.5,,-67.5,,,,-76.5,,,,,,,,,,,,,-63.5,-67.25,,-75.5,,-73.0,-74.0,,,,,,,,1.0,,1.0,,,,1.0,,,,,,,,,,,,,1.0,2.0,,1.0,,1.0,3.0,
AD3830770CCDD0AD383003FB,,,,,,,,-69.5,-64.0,,,,,,,,,,,,,,,,,,-63.0,,,,,,,,,,,,,,4.949747468305833,,,,,,,,,,,,,,,,,,,,,,,,,,,,-69.5,-67.5,,,,,,,,,,,,,,,,,,-63.0,,,,,,,,,,,,,,-69.5,-60.5,,,,,,,,,,,,,,,,,,-63.0,,,,,,,,,,,,,,-69.5,-64.0,,,,,,,,,,,,,,,,,,-63.0,,,,,,,,,,,,,,1.0,2.0,,,,,,,,,,,,,,,,,,1.0,,,,,,
AD3830770CCDD0AD38300403,,,,,,,,-71.0,-69.0,,,,,,,,,,,,,,,,,,-71.25,,,,,,,,,,,,,,,,,,,,,,,,,,,,,1.7677669529663689,,,,,,,,,,,,,-71.0,-69.0,,,,,,,,,,,,,,,,,,-72.5,,,,,,,,,,,,,,-71.0,-69.0,,,,,,,,,,,,,,,,,,-70.0,,,,,,,,,,,,,,-71.0,-69.0,,,,,,,,,,,,,,,,,,-71.25,,,,,,,,,,,,,,1.0,1.0,,,,,,,,,,,,,,,,,,2.0,,,,,,
AD3830770CCDD0AD3830040B,,,,,,,,-73.5,-64.0,,-69.5,,,,,,,,,,,,,,,,,-71.0,,,,,,,,,,,,,,,,,,,,,,,,,,,,,,,,,,,,,,,,,-73.5,-64.0,,-69.5,,,,,,,,,,,,,,,,,-71.0,,,,,,,,,,,,,-73.5,-64.0,,-69.5,,,,,,,,,,,,,,,,,-71.0,,,,,,,,,,,,,-73.5,-64.0,,-69.5,,,,,,,,,,,,,,,,,-71.0,,,,,,,,,,,,,1.0,1.0,,1.0,,,,,,,,,,,,,,,,,1.0,,,,,
AD3830770CCDD0AD38300411,,,,,,,,,-71.5,,,,,,,,,,,,,,,,,,,,,,,,,,,,,,,,,,,,,,,,,,,,,,,,,,,,,,,,,,,,,-71.5,,,,,,,,,,,,,,,,,,,,,,,,,,,,,,,,,-71.5,,,,,,,,,,,,,,,,,,,,,,,,,,,,,,,,,-71.5,,,,,,,,,,,,,,,,,,,,,,,,,,,,,,,,,1.0,,,,,,,,,,,,,,,,,,,,,,,,
AD3830770CCDD0AD3830041A,,,,,,,,-68.0,,-63.0,,,,,,,,,,,,,,,,,,-77.0,,-72.5,,-75.0,,,,,,,,,,,,,,,,,,,,,,,,,,,,,,,,,,,,,-68.0,,-63.0,,,,,,,,,,,,,,,,,,-77.0,,-72.5,,-75.0,,,,,,,,,-68.0,,-63.0,,,,,,,,,,,,,,,,,,-77.0,,-72.5,,-75.0,,,,,,,,,-68.0,,-63.0,,,,,,,,,,,,,,,,,,-77.0,,-72.5,,-75.0,,,,,,,,,1.0,,1.0,,,,,,,,,,,,,,,,,,1.0,,1.0,,1.0,
AD3830770CCDD0AD3830041B,,,,,,,,,-69.0,,,,,,,,,,,,,,,,,,-69.83333333333333,,,,,,,,,,,,,,4.242640687119285,,,,,,,,,,,,,,,4.752192476461086,,,,,,,,,,,,,,-72.0,,,,,,,,,,,,,,,,,,-74.5,,,,,,,,,,,,,,,-66.0,,,,,,,,,,,,,,,,,,-65.0,,,,,,,,,,,,,,,-69.0,,,,,,,,,,,,,,,,,,-70.0,,,,,,,,,,,,,,,2.0,,,,,,,,,,,,,,,,,,3.0,,,,,,
AD3830770CCDD0AD3830041E,,,,,,,,,-70.0,,,,,,,,,,,,,,,,,,-59.5,,,,,,,,,,,,,,,,,,,,,,,,,,,,,,,,,,,,,,,,,,,-70.0,,,,,,,,,,,,,,,,,,-59.5,,,,,,,,,,,,,,,-70.0,,,,,,,,,,,,,,,,,,-59.5,,,,,,,,,,,,,,,-70.0,,,,,,,,,,,,,,,,,,-59.5,,,,,,,,,,,,,,,1.0,,,,,,,,,,,,,,,,,,1.0,,,,,,
AD3830770CCDD0AD3830041F,,,,,,,,,-71.0,,,,,,,,,,,,,,,,,-55.5,,,,,,,,,,,,,,,,,,,,,,,,,,,,,,,,,,,,,,,,,,,,-71.0,,,,,,,,,,,,,,,,,-55.5,,,,,,,,,,,,,,,,-71.0,,,,,,,,,,,,,,,,,-55.5,,,,,,,,,,,,,,,,-71.0,,,,,,,,,,,,,,,,,-55.5,,,,,,,,,,,,,,,,1.0,,,,,,,,,,,,,,,,,1.0,,,,,,,
AD3830770CCDD0AD38300421,,,,,,,,,-64.5,,,,,,,,,,,,,,,,,-61.5,,,,,,,,,,,,,,,,,,,,,,,,,,,,,,,,,,,,,,,,,,,,-64.5,,,,,,,,,,,,,,,,,-61.5,,,,,,,,,,,,,,,,-64.5,,,,,,,,,,,,,,,,,-61.5,,,,,,,,,,,,,,,,-64.5,,,,,,,,,,,,,,,,,-61.5,,,,,,,,,,,,,,,,1.0,,,,,,,,,,,,,,,,,1.0,,,,,,,
AD3830770CCDD0AD38300424,,,,,,,,-73.5,-68.0,,,,,,,,,,,,,,,,,,-71.0,,,,,,,,,,,,,,,,,,,,,,,,,,,,,,,,,,,,,,,,,,-73.5,-68.0,,,,,,,,,,,,,,,,,,-71.0,,,,,,,,,,,,,,-73.5,-68.0,,,,,,,,,,,,,,,,,,-71.0,,,,,,,,,,,,,,-73.5,-68.0,,,,,,,,,,,,,,,,,,-71.0,,,,,,,,,,,,,,1.0,1.0,,,,,,,,,,,,,,,,,,1.0,,,,,,
AD3830770CCDD0AD3830042A,,,,,,,,,-65.0,,,,,,,,,,,,,,,,,-59.5,,,,,,,,,,,,,,,0.7071067811865476,,,,,,,,,,,,,,,,,,,,,,,,,,,,,-65.5,,,,,,,,,,,,,,,,,-59.5,,,,,,,,,,,,,,,,-64.5,,,,,,,,,,,,,,,,,-59.5,,,,,,,,,,,,,,,,-65.0,,,,,,,,,,,,,,,,,-59.5,,,,,,,,,,,,,,,,2.0,,,,,,,,,,,,,,,,,1.0,,,,,,,
AD3830770CCDD0AD3830042E,,,,,,,,,-68.5,,,,,,,,,,,,,,,,,,-67.0,,,,,,,,,,,,,,,,,,,,,,,,,,,,,,,,,,,,,,,,,,,-68.5,,,,,,,,,,,,,,,,,,-67.0,,,,,,,,,,,,,,,-68.5,,,,,,,,,,,,,,,,,,-67.0,,,,,,,,,,,,,,,-68.5,,,,,,,,,,,,,,,,,,-67.0,,,,,,,,,,,,,,,1.0,,,,,,,,,,,,,,,,,,1.0,,,,,,
AD3830770CCDD0AD38300435,,,,,,,,-71.5,-67.0,,,,,,,,,,,,,,,,,,-62.0,,,,,,,,,,,,,,,,,,,,,,,,,,,,,,,,,,,,,,,,,,-71.5,-67.0,,,,,,,,,,,,,,,,,,-62.0,,,,,,,,,,,,,,-71.5,-67.0,,,,,,,,,,,,,,,,,,-62.0,,,,,,,,,,,,,,-71.5,-67.0,,,,,,,,,,,,,,,,,,-62.0,,,,,,,,,,,,,,1.0,1.0,,,,,,,,,,,,,,,,,,1.0,,,,,,
AD3830770CCDD0AD38300437,,,,,,,,-71.0,-57.5,,-76.0,,,,,,,,,,,,,,,,,-74.5,,-77.0,-73.0,,-74.5,,,,,,,,,,,,,,,,,,,,,,,,,,0.0,,,,,,,,,,-71.0,-57.5,,-76.0,,,,,,,,,,,,,,,,,-74.5,,-77.0,-73.0,,-74.5,,,,,,,,-71.0,-57.5,,-76.0,,,,,,,,,,,,,,,,,-74.5,,-77.0,-73.0,,-74.5,,,,,,,,-71.0,-57.5,,-76.0,,,,,,,,,,,,,,,,,-74.5,,-77.0,-73.0,,-74.5,,,,,,,,1.0,1.0,,1.0,,,,,,,,,,,,,,,,,1.0,,1.0,2.0,,1.0
AD3830770CCDD0AD38300438,,,,,,,,,-68.5,,,,,,,,,,,,,,,,,,-71.5,,,,,,,,,,,,,,,,,,,,,,,,,,,,,,,,,,,,,,,,,,,-68.5,,,,,,,,,,,,,,,,,,-71.5,,,,,,,,,,,,,,,-68.5,,,,,,,,,,,,,,,,,,-71.5,,,,,,,,,,,,,,,-68.5,,,,,,,,,,,,,,,,,,-71.5,,,,,,,,,,,,,,,1.0,,,,,,,,,,,,,,,,,,1.0,,,,,,
AD3830770CCDD0AD3830043F,,,,,,,,-71.0,-67.0,,-75.5,,,,,,,,,,,,,,,,-71.5,,,,,,,,,,,,,,0.0,,,,,,,,,,,,,,,,,,,,,,,,,,,,-71.0,-67.0,,-75.5,,,,,,,,,,,,,,,,-71.5,,,,,,,,,,,,,,-71.0,-67.0,,-75.5,,,,,,,,,,,,,,,,-71.5,,,,,,,,,,,,,,-71.0,-67.0,,-75.5,,,,,,,,,,,,,,,,-71.5,,,,,,,,,,,,,,1.0,2.0,,1.0,,,,,,,,,,,,,,,,1.0,,,,,,
AD3830770CCDD0AD38300443,,,,,,,,-74.5,-70.5,,,,,,,,,,,,,,,,,-65.5,,-72.5,,-76.0,,,-76.0,,,,,,,,,,,,,,,,,,,,,,,,,,,,,,,,,,,,-74.5,-70.5,,,,,,,,,,,,,,,,,-65.5,,-72.5,,-76.0,,,-76.0,,,,,,,,-74.5,-70.5,,,,,,,,,,,,,,,,,-65.5,,-72.5,,-76.0,,,-76.0,,,,,,,,-74.5,-70.5,,,,,,,,,,,,,,,,,-65.5,,-72.5,,-76.0,,,-76.0,,,,,,,,1.0,1.0,,,,,,,,,,,,,,,,,1.0,,1.0,,1.0,,,1.0
AD3830770CCDD0AD3830044B,-76.0,,,,,,,,,,,,,,,,,,,,,,,,-70.0,-63.0,,-74.5,,-75.5,,-72.25,,,,,,,,,,,,,,,,,,,,,,,,,2.0,,,0.3535533905932738,,-76.0,,,,,,,,,,,,,,,,,,,,,,,,-70.0,-63.0,,-76.5,,-75.5,,-72.5,,-76.0,,,,,,,,,,,,,,,,,,,,,,,,-70.0,-63.0,,-72.5,,-75.5,,-72.0,,-76.0,,,,,,,,,,,,,,,,,,,,,,,,-70.0,-63.0,,-74.5,,-75.5,,-72.25,,1.0,,,,,,,,,,,,,,,,,,,,,,,,1.0,1.0,,3.0,,1.0,,2.0,
AD3830770CCDD0AD3830044D,,,,,,,,,-65.5,,,,,,,,,,,,,,,,,,-66.0,,,,,,,,,,,,,,,,,,,,,,,,,,,,,,,,,,,,,,,,,,,-65.5,,,,,,,,,,,,,,,,,,-66.0,,,,,,,,,,,,,,,-65.5,,,,,,,,,,,,,,,,,,-66.0,,,,,,,,,,,,,,,-65.5,,,,,,,,,,,,,,,,,,-66.0,,,,,,,,,,,,,,,1.0,,,,,,,,,,,,,,,,,,1.0,,,,,,
AD3830770CCDD0AD38300450,,,,,,,,-69.0,-70.5,,,,,,,,,,,,,,,,,-70.0,,,-76.0,,-74.5,,-73.0,,,,,,,,,,,,,,,,,,,,,,,,,,,,,,,,,,,,-69.0,-70.5,,,,,,,,,,,,,,,,,-70.0,,,-76.0,,-74.5,,-73.0,,,,,,,,-69.0,-70.5,,,,,,,,,,,,,,,,,-70.0,,,-76.0,,-74.5,,-73.0,,,,,,,,-69.0,-70.5,,,,,,,,,,,,,,,,,-70.0,,,-76.0,,-74.5,,-73.0,,,,,,,,1.0,1.0,,,,,,,,,,,,,,,,,1.0,,,1.0,,1.0,,1.0
AD3830770CCDD0AD38300455,-70.0,,-73.5,,-73.5,,-72.5,,-73.5,-71.5,-71.5,,-72.5,-71.75,-73.0,,-72.0,,,,,,,,,,,,,,,,,,,,,,,,,1.0,0.7071067811865476,,,0.3535533905932738,,,,,,,,,,,,,,,,-70.0,,-73.5,,-73.5,,-72.5,,-73.5,-72.5,-72.0,,-72.5,-72.0,-73.0,,-72.0,,,,,,,,,,,,,,,,,-70.0,,-73.5,,-73.5,,-72.5,,-73.5,-70.5,-71.0,,-72.5,-71.5,-73.0,,-72.0,,,,,,,,,,,,,,,,,-70.0,,-73.5,,-73.5,,-72.5,,-73.5,-71.5,-71.5,,-72.5,-71.75,-73.0,,-72.0,,,,,,,,,,,,,,,,,1.0,,1.0,,1.0,,1.0,,1.0,3.0,2.0,,1.0,2.0,1.0,,1.0,,,,,,,,,,,,,,,,
AD3830770CCDD0AD38300462,,,,,,,,,-62.5,,,,,,,,,,,,,,,,,,-74.5,,-74.5,,-73.5,,-71.5,,,,,,,,,,,,,,,,,,,,,,,,,,,,,,,,,,,,,-62.5,,,,,,,,,,,,,,,,,,-74.5,,-74.5,,-73.5,,-71.5,,,,,,,,,-62.5,,,,,,,,,,,,,,,,,,-74.5,,-74.5,,-73.5,,-71.5,,,,,,,,,-62.5,,,,,,,,,,,,,,,,,,-74.5,,-74.5,,-73.5,,-71.5,,,,,,,,,1.0,,,,,,,,,,,,,,,,,,1.0,,1.0,,1.0,,1.0
AD3830770CCDD0AD38300466,,,,,,,,-69.0,,-64.0,,,,,,-76.0,,,,,,,,,,,,-71.0,,,,,,,,,,,,1.4142135623730951,,,,,,,,,,,,,,,,,,,,,,,,,,,,,-70.0,,-64.0,,,,,,-76.0,,,,,,,,,,,,-71.0,,,,,,,,,,,,,-68.0,,-64.0,,,,,,-76.0,,,,,,,,,,,,-71.0,,,,,,,,,,,,,-69.0,,-64.0,,,,,,-76.0,,,,,,,,,,,,-71.0,,,,,,,,,,,,,2.0,,1.0,,,,,,1.0,,,,,,,,,,,,1.0,,,,,
AD3830770CCDD0AD3830046A,,,,,,,,,-70.5,,,,,,,,,,,,,,,,,-61.0,,,,,,,,,,,,,,,,,,,,,,,,,,,,,,,,,,,,,,,,,,,,-70.5,,,,,,,,,,,,,,,,,-61.0,,,,,,,,,,,,,,,,-70.5,,,,,,,,,,,,,,,,,-61.0,,,,,,,,,,,,,,,,-70.5,,,,,,,,,,,,,,,,,-61.0,,,,,,,,,,,,,,,,1.0,,,,,,,,,,,,,,,,,1.0,,,,,,,
AD3830770CCDD0AD3830046B,,-75.0,,,,,,,-73.5,-73.0,,-76.0,,-76.0,-74.5,,,,,,,,,,,,,,,,,,,,,,,,,,,,,,,,,,,,,,,,,,,,,,,,-75.0,,,,,,,-73.5,-73.0,,-76.0,,-76.0,-74.5,,,,,,,,,,,,,,,,,,,,-75.0,,,,,,,-73.5,-73.0,,-76.0,,-76.0,-74.5,,,,,,,,,,,,,,,,,,,,-75.0,,,,,,,-73.5,-73.0,,-76.0,,-76.0,-74.5,,,,,,,,,,,,,,,,,,,,1.0,,,,,,,1.0,1.0,,1.0,,1.0,1.0,,,,,,,,,,,,,,,,,,
AD3830770CCDD0AD38300473,,,,,,,,,-64.5,,-74.0,-75.5,,,,,,,,,,,,,,,-71.0,-76.0,,,-73.5,,,,,,,,,,,,,,,,,,,,,,,,,,,,,,,,,,,,,,,-64.5,,-74.0,-75.5,,,,,,,,,,,,,,,-71.0,-76.0,,,-73.5,,,,,,,,,,,-64.5,,-74.0,-75.5,,,,,,,,,,,,,,,-71.0,-76.0,,,-73.5,,,,,,,,,,,-64.5,,-74.0,-75.5,,,,,,,,,,,,,,,-71.0,-76.0,,,-73.5,,,,,,,,,,,1.0,,1.0,1.0,,,,,,,,,,,,,,,1.0,1.0,,,1.0,,
AD3830770CCDD0AD38300475,,,,,,,,-76.0,,,-75.0,,,,,,,,,,,,,,-75.0,,-68.5,,,,,,,,,,,,,,,,,,,,,,,,,,,,,,,,,,,,,,,,,,-76.0,,,-75.0,,,,,,,,,,,,,,-75.0,,-68.5,,,,,,,,,,,,,,-76.0,,,-75.0,,,,,,,,,,,,,,-75.0,,-68.5,,,,,,,,,,,,,,-76.0,,,-75.0,,,,,,,,,,,,,,-75.0,,-68.5,,,,,,,,,,,,,,1.0,,,1.0,,,,,,,,,,,,,,1.0,,1.0,,,,,,
AD3830770CCDD0AD38300476,,,,,,,,-74.5,-70.5,,,,,,,,,,,,,,,,,,-63.0,,,,,,,,,,,,,,,,,,,,,,,,,,,,,,,,,,,,,,,,,,-74.5,-70.5,,,,,,,,,,,,,,,,,,-63.0,,,,,,,,,,,,,,-74.5,-70.5,,,,,,,,,,,,,,,,,,-63.0,,,,,,,,,,,,,,-74.5,-70.5,,,,,,,,,,,,,,,,,,-63.0,,,,,,,,,,,,,,1.0,1.0,,,,,,,,,,,,,,,,,,1.0,,,,,,
AD3830770CCDD0AD3830047A,-72.0,,-72.5,,-72.5,-72.0,,-71.5,,-71.5,,-72.0,,-71.0,-73.0,,-72.5,,,,,,,,,,,,,,,,,,,,,,,,,1.4142135623730951,,,,,,,,,,,,,,,,,,,,-72.0,,-72.5,,-72.5,-72.0,,-71.5,,-72.5,,-72.0,,-71.0,-73.0,,-72.5,,,,,,,,,,,,,,,,,-72.0,,-72.5,,-72.5,-72.0,,-71.5,,-70.5,,-72.0,,-71.0,-73.0,,-72.5,,,,,,,,,,,,,,,,,-72.0,,-72.5,,-72.5,-72.0,,-71.5,,-71.5,,-72.0,,-71.0,-73.0,,-72.5,,,,,,,,,,,,,,,,,1.0,,1.0,,1.0,1.0,,1.0,,2.0,,1.0,,1.0,1.0,,1.0,,,,,,,,,,,,,,,,
AD3830770CCDD0AD3830047D,,,,,,,,,-67.0,,,,,,,,,,,,,,,,,-57.5,,-73.5,,,,,,,,,,,,,,,,,,,,,,,,,,,,,,,,,,,,,,,,,,-67.0,,,,,,,,,,,,,,,,,-57.5,,-73.5,,,,,,,,,,,,,,-67.0,,,,,,,,,,,,,,,,,-57.5,,-73.5,,,,,,,,,,,,,,-67.0,,,,,,,,,,,,,,,,,-57.5,,-73.5,,,,,,,,,,,,,,1.0,,,,,,,,,,,,,,,,,1.0,,1.0,,,,,
AD3830770CCDD0AD38300480,,,,,,,,,-66.5,,,,,,,,,,,,,,,,,-67.0,,,,,,,,,,,,,,,,,,,,,,,,,,,,,,,,,,,,,,,,,,,,-66.5,,,,,,,,,,,,,,,,,-67.0,,,,,,,,,,,,,,,,-66.5,,,,,,,,,,,,,,,,,-67.0,,,,,,,,,,,,,,,,-66.5,,,,,,,,,,,,,,,,,-67.0,,,,,,,,,,,,,,,,1.0,,,,,,,,,,,,,,,,,1.0,,,,,,,
AD3830770CCDD0AD38300482,,,,,,,,,-67.0,,,,,,,,,,,,,,,,,-52.5,-71.5,,-76.0,,-72.0,-70.0,,,,,,,,,,,,,,,,,,,,,,,,,,,,,,,,,,,,,,-67.0,,,,,,,,,,,,,,,,,-52.5,-71.5,,-76.0,,-72.0,-70.0,,,,,,,,,,-67.0,,,,,,,,,,,,,,,,,-52.5,-71.5,,-76.0,,-72.0,-70.0,,,,,,,,,,-67.0,,,,,,,,,,,,,,,,,-52.5,-71.5,,-76.0,,-72.0,-70.0,,,,,,,,,,1.0,,,,,,,,,,,,,,,,,1.0,1.0,,1.0,,1.0,1.0,
AD3830770CCDD0AD38300488,,,,,,,,,-69.0,,,,,,,,,,,,,,,,,,,,,,,,,,,,,,,,0.0,,,,,,,,,,,,,,,,,,,,,,,,,,,,,-69.0,,,,,,,,,,,,,,,,,,,,,,,,,,,,,,,,,-69.0,,,,,,,,,,,,,,,,,,,,,,,,,,,,,,,,,-69.0,,,,,,,,,,,,,,,,,,,,,,,,,,,,,,,,,2.0,,,,,,,,,,,,,,,,,,,,,,,,
AD3830770CCDD0AD3830048B,,,,,,,,,-67.5,,,,,,,,,,,,,,,,,,,,,,,,,,,,,,,,,,,,,,,,,,,,,,,,,,,,,,,,,,,,,-67.5,,,,,,,,,,,,,,,,,,,,,,,,,,,,,,,,,-67.5,,,,,,,,,,,,,,,,,,,,,,,,,,,,,,,,,-67.5,,,,,,,,,,,,,,,,,,,,,,,,,,,,,,,,,1.0,,,,,,,,,,,,,,,,,,,,,,,,
AD3830770CCDD0AD38300494,,,,,,,,-71.0,-67.0,,,,,,,,,,,,,,,,,,-69.0,,,,,,,,,,,,,,,,,,,,,,,,,,,,,2.8284271247461903,,,,,,,,,,,,,-71.0,-67.0,,,,,,,,,,,,,,,,,,-71.0,,,,,,,,,,,,,,-71.0,-67.0,,,,,,,,,,,,,,,,,,-67.0,,,,,,,,,,,,,,-71.0,-67.0,,,,,,,,,,,,,,,,,,-69.0,,,,,,,,,,,,,,1.0,1.0,,,,,,,,,,,,,,,,,,2.0,,,,,,
AD3830770CCDD0AD38300496,,,,,,,,,-67.0,,,,,,,,,,,,,,,,,,-74.5,,,,,,,,,,,,,,,,,,,,,,,,,,,,,,,,,,,,,,,,,,,-67.0,,,,,,,,,,,,,,,,,,-74.5,,,,,,,,,,,,,,,-67.0,,,,,,,,,,,,,,,,,,-74.5,,,,,,,,,,,,,,,-67.0,,,,,,,,,,,,,,,,,,-74.5,,,,,,,,,,,,,,,1.0,,,,,,,,,,,,,,,,,,1.0,,,,,,
AD3830770CCDD0AD3830049F,,,,,-76.0,,,,-62.5,,,,,,,,,,,,,,,,,-66.0,,-75.0,-74.0,,-73.5,,-75.5,,,,,,,,,,,,,,,,,,,,,,,,,,,,,,,,,-76.0,,,,-62.5,,,,,,,,,,,,,,,,,-66.0,,-75.0,-74.0,,-73.5,,-75.5,,,,,-76.0,,,,-62.5,,,,,,,,,,,,,,,,,-66.0,,-75.0,-74.0,,-73.5,,-75.5,,,,,-76.0,,,,-62.5,,,,,,,,,,,,,,,,,-66.0,,-75.0,-74.0,,-73.5,,-75.5,,,,,1.0,,,,1.0,,,,,,,,,,,,,,,,,1.0,,1.0,1.0,,1.0,,1.0
AD3830770CCDD0AD383004A2,,,,,,,,-69.5,,-69.5,,,,,,,,,,,,,,,-68.5,,,,,,,,,,,,,,,,,,,,,,,,,,,,,,,,,,,,,,,,,,,,-69.5,,-69.5,,,,,,,,,,,,,,,-68.5,,,,,,,,,,,,,,,,-69.5,,-69.5,,,,,,,,,,,,,,,-68.5,,,,,,,,,,,,,,,,-69.5,,-69.5,,,,,,,,,,,,,,,-68.5,,,,,,,,,,,,,,,,1.0,,1.0,,,,,,,,,,,,,,,1.0,,,,,,,,
AD3830770CCDD0AD383004A3,,,,,,,,,-63.5,,,,,,,,,,,,,,,,-72.5,,-67.25,-73.5,,,,,,,,,,,,,,,,,,,,,,,,,,,,1.7677669529663689,,,,,,,,,,,,,,-63.5,,,,,,,,,,,,,,,,-72.5,,-68.5,-73.5,,,,,,,,,,,,,,-63.5,,,,,,,,,,,,,,,,-72.5,,-66.0,-73.5,,,,,,,,,,,,,,-63.5,,,,,,,,,,,,,,,,-72.5,,-67.25,-73.5,,,,,,,,,,,,,,1.0,,,,,,,,,,,,,,,,1.0,,2.0,1.0,,,,,
AD3830770CCDD0AD383004A5,,,,,,,,-71.5,,-65.0,,,,,,,,,,,,,,,,,,-72.5,,,,,,,,,,,,,,,,,,,,,,,,,,,,,,,,,,,,,,,,,-71.5,,-65.0,,,,,,,,,,,,,,,,,,-72.5,,,,,,,,,,,,,-71.5,,-65.0,,,,,,,,,,,,,,,,,,-72.5,,,,,,,,,,,,,-71.5,,-65.0,,,,,,,,,,,,,,,,,,-72.5,,,,,,,,,,,,,1.0,,1.0,,,,,,,,,,,,,,,,,,1.0,,,,,
AD3830770CCDD0AD383004A9,-74.0,,-73.0,-73.0,,-74.0,,,,-75.0,,,,,,-75.0,-75.0,,,,,,,-74.0,,,-73.0,,-70.0,,-74.0,,,,,,,,,,,1.4142135623730951,,,,,,,,,,,,,,,,,,,,-74.0,,-73.0,-73.0,,-74.0,,,,-76.0,,,,,,-75.0,-75.0,,,,,,,-74.0,,,-73.0,,-70.0,,-74.0,,,-74.0,,-73.0,-73.0,,-74.0,,,,-74.0,,,,,,-75.0,-75.0,,,,,,,-74.0,,,-73.0,,-70.0,,-74.0,,,-74.0,,-73.0,-73.0,,-74.0,,,,-75.0,,,,,,-75.0,-75.0,,,,,,,-74.0,,,-73.0,,-70.0,,-74.0,,,1.0,,1.0,1.0,,1.0,,,,2.0,,,,,,1.0,1.0,,,,,,,1.0,,,1.0,,1.0,,1.0,,
AD3830770CCDD0AD383004AA,,,,,,,,,-67.5,,,,,,,,,,,,,,,,,-55.0,-68.5,,,,,,,,,,,,,,,,,,,,,,,,,,,,,,,,,,,,,,,,,,,-67.5,,,,,,,,,,,,,,,,,-55.0,-68.5,,,,,,,,,,,,,,,-67.5,,,,,,,,,,,,,,,,,-55.0,-68.5,,,,,,,,,,,,,,,-67.5,,,,,,,,,,,,,,,,,-55.0,-68.5,,,,,,,,,,,,,,,1.0,,,,,,,,,,,,,,,,,1.0,1.0,,,,,,
AD3830770CCDD0AD383004AF,,,,,,,,,-64.0,,,,,,,,,,,,,,,,,,-65.0,,,,,,,,,,,,,,,,,,,,,,,,,,,,,,,,,,,,,,,,,,,-64.0,,,,,,,,,,,,,,,,,,-65.0,,,,,,,,,,,,,,,-64.0,,,,,,,,,,,,,,,,,,-65.0,,,,,,,,,,,,,,,-64.0,,,,,,,,,,,,,,,,,,-65.0,,,,,,,,,,,,,,,1.0,,,,,,,,,,,,,,,,,,1.0,,,,,,
AD3830770CCDD0AD383004B1,,,,,,,,,-69.75,,,,,,,,,,,,,,,,,,,,,,,,,,,,,,,,0.3535533905932738,,,,,,,,,,,,,,,,,,,,,,,,,,,,,-70.0,,,,,,,,,,,,,,,,,,,,,,,,,,,,,,,,,-69.5,,,,,,,,,,,,,,,,,,,,,,,,,,,,,,,,,-69.75,,,,,,,,,,,,,,,,,,,,,,,,,,,,,,,,,2.0,,,,,,,,,,,,,,,,,,,,,,,,
AD3830770CCDD0AD383004B2,,,,,,,,,-66.5,,,,,,,,,,,,,,,,,-61.5,,,,,-73.0,-72.5,-73.5,,,,,,,,,,,,,,,,,,,,,,,,,,,,,,,,,,,,,-66.5,,,,,,,,,,,,,,,,,-61.5,,,,,-73.0,-72.5,-73.5,,,,,,,,,-66.5,,,,,,,,,,,,,,,,,-61.5,,,,,-73.0,-72.5,-73.5,,,,,,,,,-66.5,,,,,,,,,,,,,,,,,-61.5,,,,,-73.0,-72.5,-73.5,,,,,,,,,1.0,,,,,,,,,,,,,,,,,1.0,,,,,1.0,1.0,1.0
AD3830770CCDD0AD383004B3,,,,,,,,,-70.0,,,,,,,,,,,,,,,,,,-72.25,,,-76.25,,,-76.5,,,,,,,,,,,,,,,,,,,,,,,0.3535533905932738,,0.3535533905932738,,,,,,,,,,,,-70.0,,,,,,,,,,,,,,,,,,-72.5,,,-76.5,,,-76.5,,,,,,,,,-70.0,,,,,,,,,,,,,,,,,,-72.0,,,-76.0,,,-76.5,,,,,,,,,-70.0,,,,,,,,,,,,,,,,,,-72.25,,,-76.25,,,-76.5,,,,,,,,,1.0,,,,,,,,,,,,,,,,,,2.0,,,2.0,,,1.0
